EducationalInstitution,Settlement,City,State,areaCode,postalCode
AIB College of Business,2500 Fleur Drive,Des Moines,Iowa,50321,515
Abilene Christian University,1600 Campus Court,Abilene,Texas,79699,325
Abraham Baldwin Agricultural College,2802 Moore Hwy,Tifton,Georgia,31793,229
Academy of Art University,79 New Montgomery,San Francisco,California,94105,415
Adams State University,208 Edgemont Blvd,Alamosa,Colorado,81102,719
Adelphi University,South Ave,Garden City,New York,11530,516
Adrian College,110 S Madison St,Adrian,Michigan,49221,517
Adventist University of Health Sciences,671 Winyah Drive,Orlando,Florida,32803,407
Agnes Scott College,141 E. College Ave,Decatur,Georgia,30030,404
Alabama State University,915 S Jackson Street,Montgomery,Alabama,36104,334
Alaska Pacific University,4101 University Dr,Anchorage,Alaska,99508,907
Albany State University,504 College Drive,Albany,Georgia,31705,229
Albertus Magnus College,700 Prospect St,New Haven,Connecticut,6511,203
Albion College,611 E Porter St,Albion,Michigan,49224,517
Albright College,1621 N. 13th St.,Reading,Pennsylvania,19612,610
Alcorn State University,1000 ASU Dr Ste 359,Alcorn State,Mississippi,39096,601
Alderson Broaddus University,101 College Hill Drive,Philippi,West Virginia,26416,304
Alfred University,One Saxon Dr,Alfred,New York,14802,607
Alice Lloyd College,100 Purpose Rd,Pippa Passes,Kentucky,41844,606
Allegheny College,520 N Main St,Meadville,Pennsylvania,16335,814
Allen College,1825 Logan Avenue,Waterloo,Iowa,50703,319
Allen University,1530 Harden Street,Columbia,South Carolina,29204,803
Alliant International University,10455 Pomerado Road,San Diego,California,92131,858
Alma College,614 W. Superior Street,Alma,Michigan,48801,989
Alverno College,3400 S 43rd  St,Milwaukee,Wisconsin,53234,414
Amberton University,1700 Eastgate Dr,Garland,Texas,75041,972
American Academy of Art,332 S Michigan Ave,Chicago,Illinois,60604,312
American Indian College of the Assemblies of God,10020 N 15th Ave,Phoenix,Arizona,85021,602
American InterContinental University,"231 North Martingale Road, 6th floor",Schaumburg,Illinois,60173,
American International College,1000 State Street,Springfield,Massachusetts,1109,413
American Jewish University,15600 Mulholland Dr,Los Angeles,California,90077,310
American Public University System,111 West Congress Street,Charles Town,West Virginia,25414,
American University of Puerto Rico,"Carr. #2, Km.14.7, Bo. Hato Tejas, P.O. Box 2037",Bayamon,Puerto Rico,960,787
American University,4400 Massachusetts Avenue N.W.,Washington,District of Columbia,20016,202
Amherst College,Boltwood Avenue,Amherst,Massachusetts,1002,413
Amridge University,1200 Taylor Rd,Montgomery,Alabama,36117,334
Anderson University,1100 E 5th St,Anderson,Indiana,46012,765
Anderson University,316 Boulevard,Anderson,South Carolina,29621,864
Andrews University,US 31 North,Berrien Springs,Michigan,49104,800
Angelo State University,2601 W Avenue N,San Angelo,Texas,76909,325
Anna Maria College,10 Sunset Lane,Paxton,Massachusetts,1612,508
Antioch University,900 Dayton Street,Yellow Springs,Ohio,45387,937
Appalachian Bible College,161 College Drive,Mt. Hope,West Virginia,25880,304
Appalachian State University,,Boone,North Carolina,28608,828
Aquinas College,1607 Robinson Rd SE,Grand Rapids,Michigan,49506,616
Aquinas College,4210 Harding Roadd,Nashville,Tennessee,32705,615
Arcadia University,450 S Easton Rd,Glenside,Pennsylvania,19038,215
Arizona Christian University,2625 E. Cactus Road,Phoenix,Arizona,85032,602
Arizona State University,P.O. Box 2203,Tempe,Arizona,85287,480
Arkansas Baptist College,1621 Dr. Martin Luther King Drive,Little Rock,Arkansas,72202,501
Arkansas State University,P.O. Box 600,State University,Arkansas,72467,870
Arkansas Tech University,"Administration Bldg. 200, 1509 North Boulder Avenue",Russellville,Arkansas,72801,479
Armstrong Atlantic State University,11935 Abercorn St,Savannah,Georgia,31419,912
Art Academy of Cincinnati,1212 Jackson Street,Cincinnati,Ohio,45202,513
Art Center College of Design,1700 Lida St,Pasadena,California,91103,626
Asbury University,1 Macklem Drive,Wilmore,Kentucky,40390,859
Ashford University,400 North Bluff Blvd.,Clinton,Iowa,52732,563
Ashland University,401 College Ave,Ashland,Ohio,44805,419
Assumption College,500 Salisbury St,Worcester,Massachusetts,1609,508
Athens State University,300 N Beaty St,Athens,Alabama,35611,256
Augsburg College,2211 Riverside Ave,Minneapolis,Minnesota,55454,612
Augustana College,2001 S Summit Ave,Sioux Falls,South Dakota,57197,605
Augustana College,639 38th St,Rock Island,Illinois,61201,309
Aurora University,347 S Gladstone Ave,Aurora,Illinois,60506,630
Austin College,900 N Grand Ave,Sherman,Texas,75090,903
Austin Peay State University,601 College St,Clarksville,Tennessee,37044,931
Ave Maria University,5050 Ave Maria Boulevard,Ave Maria,Florida,34142,
Averett University,420 W Main St,Danville,Virginia,24541,434
Avila University,11901 Wornall Rd,Kansas City,Missouri,64145,816
Azusa Pacific University,901 E Alosta,Azusa,California,91702,626
Babson College,Babson Park,Wellesley,Massachusetts,2457,781
Bacone College,2299 Old Bacone Rd.,Muskogee,Oklahoma,74403,918
Baker University,618 Eighth Street,Baldwin City,Kansas,66006,785
Ball State University,2000 University Ave,Muncie,Indiana,47306,765
Baptist Bible College,628 E Kearney,Springfield,Missouri,65803,417
Baptist Memorial College of Health Sciences,1003 Monroe Ave,Memphis,Tennessee,38104,901
Baptist Missionary Association Theological Seminary,1530 E Pine St,Jacksonville,Texas,75766,903
Bard College,30 Campus Road,Annandale-On-Hudson,New York,12504,845
Barnard College,3009 Broadway,New York,New York,10027,212
Barry University,11300 NE 2nd Ave,Miami Shores,Florida,33161,800
Barton College,200 Atlantic Christian College Drive,Wilson,North Carolina,27893,252
Bastyr University,14500 Juanita Drive NE,Kenmore,Washington,98028,425
Bates College,"2 Andrews Road, 2 Lane Hall",Lewiston,Maine,4240,207
Bauder College,"384 Northyards Blvd., Suite 190",Atlanta,Georgia,30313,404
Bay Path College,588 Longmeadow Street,Longmeadow,Massachusetts,1106,413
Bayamon Central University,Avenida Zaya Verde La Milagrosa Barrio Hato Tejas,Bayamon,Puerto Rico,959,787
Baylor University,500 Speight Ave.,Waco,Texas,76798,254
Beacon College,105 E Main St,Leesburg,Florida,34748,352
Becker College,61 Sever St,Worcester,Massachusetts,1609,508
Belhaven University,1500 Peachtree St,Jackson,Mississippi,39202,601
Bellarmine University,2001 Newburg Rd,Louisville,Kentucky,40205,502
Bellevue College,3000 Landerholm Circle SE,Bellevue,Washington,98007,425
Bellevue University,1000 Galvin Rd S,Bellevue,Nebraska,68005,402
Bellin College,725 S Webster Ave,Green Bay,Wisconsin,54301,920
Belmont Abbey College,100 Belmont-Mt Holly Road,Belmont,North Carolina,28012,704
Belmont University,1900 Belmont Blvd,Nashville,Tennessee,37212,615
Beloit College,700 College St,Beloit,Wisconsin,53511,608
Bemidji State University,1500 Birchmont Drive NE,Bemidji,Minnesota,56601,800
Benedict College,1600 Harden Street,Columbia,South Carolina,29204,803
Benedictine College,1020 N 2nd St,Atchison,Kansas,66002,913
Benedictine University,5700 College Road,Lisle,Illinois,60532,630
Benjamin Franklin Institute of Technology,41 Berkeley St,Boston,Massachusetts,2116,617
Bennington College,One College Drive,Bennington,Vermont,5201,802
Bentley University,175 Forest St,Waltham,Massachusetts,2452,781
Berea College,101 Chestnut Street,Berea,Kentucky,40404,859
Berkeley College,3 East 43 Street,New York,New York,10017,212
Berkeley College,44 Rifle Camp Rd,West Paterson,New Jersey,7424,973
Berklee College of Music,1140 Boylston St,Boston,Massachusetts,2215,617
Berry College,2277 Martha Berry Hwy NW,Mount Berry,Georgia,30149,706
Bethany College,335 E. Swensson Street,Lindsborg,Kansas,67456,785
Bethany College,Old Main,Bethany,West Virginia,26032,304
Bethany Lutheran College,700 Luther Dr,Mankato,Minnesota,56001,507
Bethel College,1001 W McKinley Ave,Mishawaka,Indiana,46545,574
Bethel College,1705 Todds Lane,Hampton,Virginia,23666,757
Bethel College,300 E 27th St,North Newton,Kansas,67117,316
Bethel University,325 Cherry Avenue,McKenzie,Tennessee,38201,731
Bethel University,3900 Bethel Drive,St. Paul,Minnesota,55112,651
Biola University,13800 Biola Ave,La Mirada,California,90639,562
Bismarck State College,P.O. Box 5587,Bismarck,North Dakota,58506,701
Black Hills State University,1200 University St,Spearfish,South Dakota,57799,605
Blackburn College,700 College Ave,Carlinville,Illinois,62626,217
Blessing-Rieman College of Nursing,"P.O. Box 7005, Broadway at 11th Street",Quincy,Illinois,62305,217
Bloomfield College,467 Franklin St,Bloomfield,New Jersey,7003,973
Bloomsburg University of Pennsylvania,400 E Second St,Bloomsburg,Pennsylvania,17815,570
Blue Mountain College,201 W Main St,Blue Mountain,Mississippi,38610,662
Bluefield College,3000 College Dr,Bluefield,Virginia,24605,276
Bluefield State College,219 Rock St,Bluefield,West Virginia,24701,304
Bluffton University,1 University Drive,Bluffton,Ohio,45817,419
Boise State University,1910 University Dr,Boise,Idaho,83725,208
Boricua College,3755 Broadway,New York,New York,10032,212
Boston College,140 Commonwealth Ave,Chestnut Hill,Massachusetts,2467,617
Boston University,One Sherborn St.,Boston,Massachusetts,2215,617
Bowdoin College,5700 College Station - President's Office,Brunswick,Maine,4011,207
Bowie State University,14000 Jericho Park Rd,Bowie,Maryland,20715,301
Bowling Green State University,1001 East Wooster Street,Bowling Green,Ohio,43403,419
Bradley University,1501 W Bradley Ave,Peoria,Illinois,61625,309
Brandeis University,415 South St,Waltham,Massachusetts,2454,781
Brandman University,16355 Laguna Canyon Road,Irvine,California,92618,949
Brazosport College,500 College Dr,Lake Jackson,Texas,77566,979
Brenau University,500 Washington Street SE,Gainesville,Georgia,30501,770
Brescia University,717 Frederica St,Owensboro,Kentucky,42301,270
Brevard College,400 North Broad Street,Brevard,North Carolina,28712,828
Brewton-Parker College,201 David-Eliza Fountain Circle,Mount Vernon,Georgia,30445,912
Briar Cliff University,3303 Rebecca St,Sioux City,Iowa,51104,712
Briarcliffe College,1055 Stewart Ave,Bethpage,New York,11714,516
Bridgewater College,402 E College St,Bridgewater,Virginia,22812,540
Bridgewater State University,"131 Summer Street, Boyden Hall",Bridgewater,Massachusetts,2325,508
Brown University,Prospect St,Providence,Rhode Island,2912,401
Bryan College,2317 Gold Meadow Way,Gold River,California,95670,916
Bryan College,721 Bryan Drive,Dayton,Tennessee,37321,423
Bryant University,1150 Douglas Pike,Smithfield,Rhode Island,2917,401
Bryn Athyn College of the New Church,801 Tomlinson Rd,Bryn Athyn,Pennsylvania,19009,267
Bryn Mawr College,101 N Merion Avenue,Bryn Mawr,Pennsylvania,19010,610
Bucknell University,Dent Drive,Lewisburg,Pennsylvania,17837,570
Buena Vista University,610 W 4th St,Storm Lake,Iowa,50588,712
Burlington College,95 North Ave,Burlington,Vermont,5401,802
Butler University,4600 Sunset Ave,Indianapolis,Indiana,46208,317
Cabarrus College of Health Sciences,401 Medical Park Drive,Concord,North Carolina,28025,704
Cabrini College,610 King of Prussia Rd,Radnor,Pennsylvania,19087,610
Cairn University,200 Manor Ave,Langhorne,Pennsylvania,19047,215
Caldwell College,120 Bloomfield Avenue,Caldwell,New Jersey,7006,973
California Baptist University,8432 Magnolia Ave,Riverside,California,92504,951
California College of the Arts,5212 Broadway,Oakland,California,94618,510
California Institute of Integral Studies,1453 Mission St 4th Fl,San Francisco,California,94103,415
California Institute of Technology,1200 E California Blvd,Pasadena,California,91125,626
California Institute of the Arts,24700 W McBean Pky,Valencia,California,91355,661
California Lutheran University,60 W Olsen Rd,Thousand Oaks,California,91360,805
California Maritime Academy,200 Maritime Academy Dr,Vallejo,California,94590,707
California University of Pennsylvania,250 University Ave,California,Pennsylvania,15419,724
Calumet College of St. Joseph,2400 New York Ave,Whiting,Indiana,46394,219
Calvary Bible College and Theological Seminary,15800 Calvary Road,Kansas City,Missouri,64147,816
Calvin College,3201 Burton Street SE,Grand Rapids,Michigan,49546,616
Cambridge College,1000 Massachusetts Ave,Cambridge,Massachusetts,2138,617
Cameron University,2800 Gore Blvd,Lawton,Oklahoma,73505,580
Campbell University,PO Box 567,Buies Creek,North Carolina,27506,910
Campbellsville University,1 University Dr,Campbellsville,Kentucky,42718,502
Canisius College,2001 Main St,Buffalo,New York,14208,716
Capella University,"225 South 6th Street, 9th Floor",Minneapolis,Minnesota,55402,888
Capital University,1 College and Main,Columbus,Ohio,43209,614
Capitol College,11301 Springfield Rd,Laurel,Maryland,20708,301
Cardinal Stritch University,6801 N Yates Rd,Milwaukee,Wisconsin,53217,414
Carleton College,One North College Street,Northfield,Minnesota,55057,507
Carlos Albizu University,San Francisco St Old San Juan,San Juan,Puerto Rico,902,787
Carlow University,3333 Fifth Ave,Pittsburgh,Pennsylvania,15213,412
Carnegie Mellon University,5000 Forbes Ave,Pittsburgh,Pennsylvania,15213,412
Carroll College,1601 N Benton Ave,Helena,Montana,59625,406
Carroll University,100 N East Ave,Waukesha,Wisconsin,53186,262
Carson-Newman University,1646 Russell Avenue,Jefferson City,Tennessee,37760,865
Carthage College,2001 Alford Park Dr,Kenosha,Wisconsin,53140,262
Case Western Reserve University,10900 Euclid Ave,Cleveland,Ohio,44106,216
Castleton State College,62 Alumni Dr,Castleton,Vermont,5735,802
Catawba College,2300 W Innes St,Salisbury,North Carolina,28144,404
Cazenovia College,22 Sullivan St,Cazenovia,New York,13035,315
Cedar Crest College,100 College Drive,Allentown,Pennsylvania,18104,610
Cedarville University,251 N. Main Street,Cedarville,Ohio,45314,937
Centenary College of Louisiana,2911 Centenary Boulevard,Shreveport,Louisiana,71134,318
Centenary College,400 Jefferson St,Hackettstown,New Jersey,7840,908
Central Baptist College,1501 College Ave,Conway,Arkansas,72034,501
Central Bible College,3000 N Grant Ave,Springfield,Missouri,65803,417
Central College,812 University,Pella,Iowa,50219,641
Central Connecticut State University,1615 Stanley St,New Britain,Connecticut,6050,860
Central Methodist University,411 Central Methodist Square,Fayette,Missouri,65248,660
Central Michigan University,106 Warriner Hall,Mount Pleasant,Michigan,48859,989
Central Penn College,College Hill & Valley Rds,Summerdale,Pennsylvania,17093,800
Central State University,1400 Brush Row Rd,Wilberforce,Ohio,45384,937
Central Washington University,400 East University Way,Ellensburg,Washington,98926,509
Centre College,600 W Walnut St,Danville,Kentucky,40422,859
Chadron State College,1000 Main St,Chadron,Nebraska,69337,308
Chamberlain College of Nursing,3005 Highland Parkway,Downers Grove,Illinois,60515,
Chaminade University of Honolulu,3140 Waialae Ave,Honolulu,Hawaii,96816,808
Champlain College,163 S. Willard St,Burlington,Vermont,5401,802
Chancellor University,"6000 Lombardo Center, Suite 200",Seven Hills,Ohio,44131,888
Chapman University,One University Dr.,Orange,California,92866,714
Charleston Southern University,9200 University Blvd,Charleston,South Carolina,29406,843
Charter Oak State College,55 Paul J Manafort Dr,New Britain,Connecticut,6053,860
Chatham University,Woodland Rd,Pittsburgh,Pennsylvania,15232,412
Chestnut Hill College,9601 Germantown Ave,Philadelphia,Pennsylvania,19118,215
Cheyney University of Pennsylvania,1837 University Circle,Cheyney,Pennsylvania,19319,610
Chicago State University,9501 South King Drive,Chicago,Illinois,60628,773
Chipola College,3094 Indian Circle,Marianna,Florida,32446,850
Chowan University,One University Place,Murfreesboro,North Carolina,27855,252
Christendom College,134 Christendom Drive,Front Royal,Virginia,22630,540
Christian Brothers University,650 E Parkway S,Memphis,Tennessee,38104,901
Christopher Newport University,1 University Place,Newport News,Virginia,23606,757
Cincinnati Christian University,2700 Glenway Ave,Cincinnati,Ohio,45204,513
Cincinnati College of Mortuary Science,645 W North Bend Rd,Cincinnati,Ohio,45224,513
City University of Seattle,11900 NE First Street,Bellevue,Washington,98005,425
Claflin University,400 Magnolia Street,Orangeburg,South Carolina,29115,803
Claremont McKenna College,500 E 9th St,Claremont,California,91711,909
Clarion University of Pennsylvania,840 Wood St,Clarion,Pennsylvania,16214,814
Clark Atlanta University,223 James P Brawley Drive,Atlanta,Georgia,30314,404
Clark University,950 Main St,Worcester,Massachusetts,1610,508
Clarke University,1550 Clarke Drive,Dubuque,Iowa,52001,563
Clarkson College,101 S 42nd St,Omaha,Nebraska,68131,402
Clarkson University,,Potsdam,New York,13699,315
Clear Creek Baptist Bible College,300 Clear Creek Rd,Pineville,Kentucky,40977,606
Clearwater Christian College,3400 Gulf to Bay Blvd,Clearwater,Florida,33759,727
Cleary University,3601 Plymouth Rd,Ann Arbor,Michigan,48105,734
Clemson University,201 Sikes Hall,Clemson,South Carolina,29634,864
Cleveland Institute of Art,11141 East Blvd,Cleveland,Ohio,44106,216
Cleveland Institute of Music,11021 East Blvd,Cleveland,Ohio,44106,216
Cleveland State University,2121 Euclid Avenue,Cleveland,Ohio,44115,216
Coastal Carolina University,108 James P. Blantono Circle,Conway,South Carolina,29528,843
Coe College,1220 First Ave NE,Cedar Rapids,Iowa,52402,319
Cogswell Polytechnical College,1175 Bordeaux  Drive,Sunnyvale,California,94089,408
Coker College,300 E College Ave,Hartsville,South Carolina,29550,843
Colby College,Mayflower Hill Drive,Waterville,Maine,4901,207
Colby-Sawyer College,541 Main St,New London,New Hampshire,3257,603
Colgate University,13 Oak Dr,Hamilton,New York,13346,315
College for Creative Studies,201 East Kirby Street,Detroit,Michigan,48202,313
College of Charleston,66 George Street,Charleston,South Carolina,29424,843
College of Idaho,2112 Cleveland Boulevard,Caldwell,Idaho,83605,208
College of Mount St. Joseph,5701 Delhi Rd,Cincinnati,Ohio,45233,513
College of Our Lady of the Elms,291 Springfield St,Chicopee,Massachusetts,1013,413
College of Southern Nevada,6375 West Charleston Boulevard,Las Vegas,Nevada,89146,702
College of William and Mary,P.O. Box 8795,Williamsburg,Virginia,23187,757
College of the Atlantic,105 Eden St,Bar Harbor,Maine,4609,207
College of the Holy Cross,One College Street,Worcester,Massachusetts,1610,508
College of the Ozarks,P.O.Box 17,Point Lookout,Missouri,65726,417
Colorado Christian University,8787 West Alameda Avenue,Lakewood,Colorado,80226,303
Colorado College,14 East Cache La Poudre Street,Colorado Springs,Colorado,80903,719
Colorado Mesa University,1100 North Avenue,Grand Junction,Colorado,81501,970
Colorado School of Mines,1500 Illinois St,Golden,Colorado,80401,303
Colorado State University,102 Administration Building,Fort Collins,Colorado,80523,970
Colorado Technical University,4435 N Chestnut Street,Colorado Springs,Colorado,80907,719
Columbia College Chicago,600 South Michigan Avenue,Chicago,Illinois,60605,312
Columbia College of Nursing,2121 E Newport Avenue,Milwaukee,Wisconsin,53211,
Columbia College,1001 Rogers Street,Columbia,Missouri,65216,573
Columbia College,11600 Columbia College Dr,Sonora,California,95370,209
Columbia College,1301 Columbia College Drive,Columbia,South Carolina,29203,803
Columbia College,8300 Merrifield Avenue 3F,Fairfax,Virginia,22031,703
Columbia International University,7435 Monticello Rd,Columbia,South Carolina,29203,803
Columbus College of Art and Design,107 N Ninth St,Columbus,Ohio,43215,614
Columbus State University,4225 University Ave,Columbus,Georgia,31907,706
Conception Seminary College,37174 State Highway W,Conception,Missouri,64433,660
Concord University,"Vermillion Street, P.O. Box 1000",Athens,West Virginia,24712,304
Concordia College,171 White Plains Rd,Bronxville,New York,10708,914
Concordia College,901 S. 8th St.,Moorhead,Minnesota,56562,218
Concordia University Chicago,7400 Augusta,River Forest,Illinois,60305,708
Concordia University Wisconsin,12800 N. Lake Shore Dr.,Mequon,Wisconsin,53097,262
Concordia University,1530 Concordia West,Irvine,California,92612,949
Concordia University,2811 NE Holman Street,Portland,Oregon,97211,503
Concordia University,4090 Geddes Rd.,Ann Arbor,Michigan,48105,734
Concordia University,800 N Columbia Ave,Seward,Nebraska,68434,402
Connecticut College,270 Mohegan Ave,New London,Connecticut,6320,860
Converse College,580 E Main St,Spartanburg,South Carolina,29302,864
Coppin State University,2500 West North Avenue,Baltimore,Maryland,21216,410
Corban University,5000 Deer Park Drive SE,Salem,Oregon,97317,503
Corcoran College of Art and Design,500 17th St NW,Washington,District of Columbia,20006,202
Cornell College,600 First St. SW,Mount Vernon,Iowa,52314,319
Cornell University,300 Day Hall,Ithaca,New York,14853,607
Cornerstone University,1001 E Beltline Ave NE,Grand Rapids,Michigan,49525,616
Cornish College of the Arts,1000 Lenora Street,Seattle,Washington,98121,206
Covenant College,14049 Scenic Highway,Lookout Mountain,Georgia,30750,706
Cox College,1423 N. Jefferson Ave.,Springfield,Missouri,65802,417
Creighton University,2500 California Plaza,Omaha,Nebraska,68178,402
Crown College,2307 West Beaver Creek Drive,Powell,Tennessee,37849,
Crown College,8700 College View Drive,Saint Bonifacius,Minnesota,55375,952
Crown College,8739 S Hosmer,Tacoma,Washington,98444,253
Culinary Institute of America,1946 Campus Drive,Hyde Park,New York,12538,845
Culver-Stockton College,1 College Hill,Canton,Missouri,63435,573
Cumberland University,One Cumberland Square,Lebanon,Tennessee,37087,615
Curry College,1071 Blue Hill Ave,Milton,Massachusetts,2186,617
Curtis Institute of Music,1726 Locust St,Philadelphia,Pennsylvania,19103,215
D'Youville College,320 Porter Ave,Buffalo,New York,14201,716
Daemen College,4380 Main St,Amherst,New York,14226,716
Dakota State University,820 N. Washington Ave.,Madison,South Dakota,57042,605
Dakota Wesleyan University,1200 W University Ave,Mitchell,South Dakota,57301,605
Dallas Baptist University,3000 Mountain Creek Parkway,Dallas,Texas,75211,214
Dallas Christian College,2700 Christian Pkwy,Dallas,Texas,75234,972
Dalton State College,650 College Drive,Dalton,Georgia,30720,706
Daniel Webster College,20 University Dr,Nashua,New Hampshire,3063,603
Dartmouth College,,Hanover,New Hampshire,3755,603
Davenport University,6191 Kraft Avenue S.E.,Grand Rapids,Michigan,49512,616
Davidson College,102 N. Main Street,Davidson,North Carolina,28035,704
Davis College,400 Riverside Drive,Johnson City,New York,13790,607
Davis College,4747 Monroe St,Toledo,Ohio,43623,419
Daytona State College,1200 W. International Speedway Blvd.,Daytona Beach,Florida,32114,386
DePaul University,1 East Jackson Blvd.,Chicago,Illinois,60604,312
DePauw University,313 S Locust St,Greencastle,Indiana,46135,765
DeSales University,2755 Station Avenue,Center Valley,Pennsylvania,18034,610
DeVry University,One Tower Lane,Oakbrook Terrace,Illinois,60181,630
Dean College,99 Main Street,Franklin,Massachusetts,2038,508
Defiance College,701 N. Clinton St.,Defiance,Ohio,43512,419
Delaware State University,1200 N. Dupont Highway,Dover,Delaware,19901,302
Delaware Valley College,700 E Butler Ave,Doylestown,Pennsylvania,18901,215
Delta State University,1003 West Sunflower Road,Cleveland,Mississippi,38733,662
Denison University,100 West College Rd,Granville,Ohio,43023,740
Dickinson College,College and Louther Streets,Carlisle,Pennsylvania,17013,717
Dickinson State University,291 Campus Drive,Dickinson,North Dakota,58601,701
Dillard University,2601 Gentilly Blvd,New Orleans,Louisiana,70122,504
Divine Word College,102 Jacoby Dr SW,Epworth,Iowa,52045,563
Dixie State College of Utah,225 S 700 E,Saint George,Utah,84770,435
Doane College,1014 Boswell Avenue,Crete,Nebraska,68333,402
Dominican University of California,50 Acacia Ave,San Rafael,California,94901,415
Dominican University,7900 W Division St,River Forest,Illinois,60305,708
Donnelly College,608 N 18th St,Kansas City,Kansas,66102,913
Dordt College,498 4th Ave NE,Sioux Center,Iowa,51250,712
Dowling College,Idle Hour Blvd,Oakdale,New York,11769,631
Drake University,2507 University Ave,Des Moines,Iowa,50311,515
Drew University,36 Madison Ave,Madison,New Jersey,7940,973
Drexel University,3141 Chestnut St,Philadelphia,Pennsylvania,19104,215
Drury University,900 N. Benton Ave.,Springfield,Missouri,65802,417
Duke University,103 Allen Bldg,Durham,North Carolina,27708,919
Dunwoody College of Technology,818 Dunwoody Blvd,Minneapolis,Minnesota,55403,612
Dunwoody College of Technology,818 Dunwoody Blvd.,Minneapolis,Minnesota,55403,
Duquesne University,Administration Bldg 600 Forbes Ave,Pittsburgh,Pennsylvania,15282,412
ECPI University,5555 Greenwich Rd Ste 300,Virginia Beach,Virginia,23462,757
Earlham College,801 National Rd West,Richmond,Indiana,47374,765
East Carolina University,East 5th Street,Greenville,North Carolina,27858,252
East Central University,1100 E. 14th Street,Ada,Oklahoma,74820,580
East Stroudsburg University of Pennsylvania,200 Prospect St,East Stroudsburg,Pennsylvania,18301,570
East Tennessee State University,807 University Pky,Johnson City,Tennessee,37614,423
East Texas Baptist University,1209 N Grove,Marshall,Texas,75670,903
East-West University,816 S Michigan Ave,Chicago,Illinois,60605,312
Eastern Connecticut State University,83 Windham St,Willimantic,Connecticut,6226,860
Eastern Illinois University,600 Lincoln Avenue,Charleston,Illinois,61920,217
Eastern Kentucky University,521 Lancaster Ave,Richmond,Kentucky,40475,859
Eastern Mennonite University,1200 Park Rd,Harrisonburg,Virginia,22802,540
Eastern Michigan University,202 Welch,Ypsilanti,Michigan,48197,313
Eastern Nazarene College,23 E Elm Ave,Quincy,Massachusetts,2170,617
Eastern New Mexico University,1500 S. Ave. K,Portales,New Mexico,88130,505
Eastern Oregon University,One University Boulevard,La Grande,Oregon,97850,541
Eastern University,1300 Eagle Rd,Saint Davids,Pennsylvania,19087,610
Eastern Washington University,526 5th Street,Cheney,Washington,99004,509
Eckerd College,4200 54th Ave S,Saint Petersburg,Florida,33711,727
Edgewood College,1000 Edgewood College Drive,Madison,Wisconsin,53711,608
Edinboro University of Pennsylvania,219 Meadville Street,Edinboro,Pennsylvania,16444,814
Edison State College,8099 College Pky SW,Fort Myers,Florida,33919,239
Edward Waters College,1658 Kings Rd,Jacksonville,Florida,32209,904
Elizabeth City State University,1704 Weeksville Rd,Elizabeth City,North Carolina,27909,252
Elizabethtown College,One Alpha Dr,Elizabethtown,Pennsylvania,17022,717
Elmhurst College,190 Prospect Ave,Elmhurst,Illinois,60126,630
Elmira College,One Park Place,Elmira,New York,14901,607
Elon University,100 Campus Drive,Elon,North Carolina,27244,336
Emerson College,120 Boylston Street,Boston,Massachusetts,2116,617
Emmanuel College,181 Spring Street,Franklin Springs,Georgia,30639,706
Emmanuel College,400 The Fenway,Boston,Massachusetts,2115,617
Emmaus Bible College,2570 Asbury Rd,Dubuque,Iowa,52001,563
Emory University,201 Dowman Drive,Atlanta,Georgia,30322,404
Emory and Henry College,One Garnand Drive,Emory,Virginia,24327,276
Emporia State University,1200 Commercial Street,Emporia,Kansas,66801,620
Endicott College,376 Hale St,Beverly,Massachusetts,1915,978
Erskine College,2 Washington St,Due West,South Carolina,29639,864
Escuela de Artes Plasticas de Puerto Rico,Barrio Ballaja Campo Del Morro,San Juan,Puerto Rico,902,787
Eureka College,300 E. College Ave.,Eureka,Illinois,61530,309
Evangel University,1111 N Glenstone,Springfield,Missouri,65802,417
Everglades University,"5002 T-Rex Avenue, Suite 100",Boca Raton,Florida,33431,561
Excelsior College,7 Columbia Cir,Albany,New York,12203,518
Fairfield University,1073 N Benson Rd,Fairfield,Connecticut,6824,203
Fairleigh Dickinson University,1000 River Road,Teaneck,New Jersey,7666,201
Fairmont State University,1201 Locust Ave,Fairmont,West Virginia,26554,304
Faith Baptist Bible College and Theological Seminary,1900 NW 4th St,Ankeny,Iowa,50023,515
Fashion Institute of Technology,Seventh Avenue At 27th Street,New York,New York,10001,212
Faulkner University,5345 Atlanta Hwy,Montgomery,Alabama,36109,334
Fayetteville State University,1200 Murchison Rd,Fayetteville,North Carolina,28301,910
Felician College,262 S Main St,Lodi,New Jersey,7644,201
Ferris State University,1201 S. State Street,Big Rapids,Michigan,49307,231
Ferrum College,215 Ferrum Mountain Road,Ferrum,Virginia,24088,540
Finlandia University,601 Quincy St,Hancock,Michigan,49930,906
Fisher College,118 Beacon St,Boston,Massachusetts,2116,617
Fisk University,1000 17th Ave N,Nashville,Tennessee,37208,615
Fitchburg State University,160 Pearl St,Fitchburg,Massachusetts,1420,978
Five Towns College,305 North Service Road,Dix Hills,New York,11746,631
Flagler College,74 King Street,Saint Augustine,Florida,32084,904
Florida Atlantic University,777 Glades Rd,Boca Raton,Florida,33431,561
Florida Christian College,1011 Bill Beck Blvd,Kissimmee,Florida,34744,407
Florida College,119 N Glen Arven Ave,Temple Terrace,Florida,33617,813
Florida Gulf Coast University,10501 FGCU Blvd South,Fort Myers,Florida,33965,239
Florida International University,11200 SW 8th Street,Miami,Florida,33199,305
Florida Memorial University,15800 NW 42 Ave,Miami Gardens,Florida,33054,305
Florida Southern College,111 Lake Hollingsworth Drive,Lakeland,Florida,33801,863
Florida State University,211 Westcott Bldg,Tallahassee,Florida,32306,850
Fontbonne University,6800 Wydown Blvd,St. Louis,Missouri,63105,314
Fordham University,441 E Fordham Rd,Bronx,New York,10458,718
Fort Hays State University,600 Park Street,Hays,Kansas,67601,785
Fort Lewis College,1000 Rim Drive,Durango,Colorado,81301,970
Fort Valley State University,1005 State University Dr,Fort Valley,Georgia,31030,478
Framingham State University,100 State St,Framingham,Massachusetts,1701,508
Francis Marion University,4822 East Palmetto Street,Florence,South Carolina,29506,843
Franciscan University of Steubenville,1235 University Blvd,Steubenville,Ohio,43952,740
Frank Lloyd Wright School of Architecture,"Taliesin West, P.O. Box 4430",Scottsdale,Arizona,85261,
Franklin College,101 Branigin Blvd,Franklin,Indiana,46131,317
Franklin Pierce University,20 College Rd,Rindge,New Hampshire,3461,603
Franklin University,201 S Grant Ave,Columbus,Ohio,43215,614
Franklin W. Olin College of Engineering,Olin Way,Needham,Massachusetts,2492,781
Franklin and Marshall College,College Ave,Lancaster,Pennsylvania,17604,717
Freed-Hardeman University,158 E Main St,Henderson,Tennessee,38340,731
Fresno Pacific University,1717 S. Chestnut Ave.,Fresno,California,93702,559
Friends University,2100 W. University Ave.,Wichita,Kansas,67213,316
Frostburg State University,101 Braddock Road,Frostburg,Maryland,21532,301
Furman University,3300 Poinsett Highway,Greenville,South Carolina,29613,864
Gallaudet University,"800 Florida Ave, NE",Washington,District of Columbia,20002,202
Gannon University,109 W Sixth St,Erie,Pennsylvania,16541,814
Gardner-Webb University,110 South Main Street,Boiling Springs,North Carolina,28017,704
Geneva College,3200 College Ave,Beaver Falls,Pennsylvania,15010,724
George Fox University,414 N Meridian St,Newberg,Oregon,97132,503
George Mason University,4400 University Dr,Fairfax,Virginia,22030,703
George Washington University,"2121 I Street, NW",Washington,District of Columbia,20052,202
Georgetown College,400 East College Street,Georgetown,Kentucky,40324,502
Georgetown University,37th and O St NW,Washington,District of Columbia,20057,202
Georgia Gwinnett College,1000 University Center Lane,Lawrenceville,Georgia,30043,678
Georgia Regents University,"987 St. Sebastian Way, EC-2416",Augusta,Georgia,30912,
Georgia Southern University,Hwy 301 S,Statesboro,Georgia,30460,912
Georgia Southwestern State University,800 Georgia Southwestern State University Dr.,Americus,Georgia,31709,229
Georgia State University,33 Gilmer St SE,Atlanta,Georgia,30302,404
Georgian Court University,900 Lakewood Ave,Lakewood,New Jersey,8701,732
Gettysburg College,300 N Washington St,Gettysburg,Pennsylvania,17325,717
Glenville State College,200 High Street,Glenville,West Virginia,26351,304
God's Bible School and College,1810 Young Street,Cincinnati,Ohio,45202,513
Goddard College,123 Pitkin Road,Plainfield,Vermont,5667,802
Goldey-Beacom College,4701 Limestone Rd,Wilmington,Delaware,19808,302
Goldfarb School of Nursing at Barnes-Jewish College,306 S Kingshighway Blvd,St. Louis,Missouri,63110,314
Gonzaga University,E 502 Boone Ave,Spokane,Washington,99258,509
Gordon College,255 Grapevine Rd,Wenham,Massachusetts,1984,978
Gordon State College,419 College Dr,Barnesville,Georgia,30204,770
Goshen College,1700 S Main St,Goshen,Indiana,46526,574
Goucher College,1021 Dulaney Valley Road,Baltimore,Maryland,21204,410
Governors State University,1 University Parkway,University Park,Illinois,60466,708
Grace Bible College,1011 Aldon SW,Grand Rapids,Michigan,49509,616
Grace College and Seminary,200 Seminary Dr.,Winona Lake,Indiana,46590,574
Grace University,1311 S 9th St,Omaha,Nebraska,68108,402
Graceland University,1 University Place,Lamoni,Iowa,50140,641
Grambling State University,403 Main Street,Grambling,Louisiana,71245,318
Grand Canyon University,3300 W Camelback Rd,Phoenix,Arizona,85017,602
Grand Valley State University,1 Campus Dr,Allendale,Michigan,49401,616
Grand View University,1200 Grandview Ave,Des Moines,Iowa,50316,515
Granite State College,8 Old Suncook Road,Concord,New Hampshire,3301,603
Gratz College,7605 Old York Rd,Melrose Park,Pennsylvania,19027,215
Great Basin College,1500 College Pky,Elko,Nevada,89801,775
Great Lakes Christian College,6211 W Willow Hwy,Lansing,Michigan,48917,517
Green Mountain College,One College Cir,Poultney,Vermont,5764,802
Greensboro College,815 W Market St,Greensboro,North Carolina,27401,336
Greenville College,315 E. College Ave,Greenville,Illinois,62246,618
Grinnell College,1121 Park Street,Grinnell,Iowa,50112,641
Grove City College,100 Campus Dr,Grove City,Pennsylvania,16127,724
Guilford College,5800 W Friendly Ave,Greensboro,North Carolina,27410,336
Gustavus Adolphus College,800 West College Avenue,Saint Peter,Minnesota,56082,507
Hamilton College,198 College Hill Rd,Clinton,New York,13323,315
Hamline University,1536 Hewitt Avenue,Saint Paul,Minnesota,55104,651
Hampden-Sydney College,"College Road, Box 128",Hampden-Sydney,Virginia,23943,434
Hampshire College,893 West St,Amherst,Massachusetts,1002,413
Hampton University,100 East Queen Street,Hampton,Virginia,23668,757
Hanover College,359 E. LaGrange Road,Hanover,Indiana,47243,812
Hardin-Simmons University,2200 Hickory,Abilene,Texas,79698,325
Harding University,915 E. Market Ave.,Searcy,Arkansas,72149,501
Harrington College of Design,200 W. Madison,Chicago,Illinois,60606,312
Harris-Stowe State University,3026 Laclede Ave,St. Louis,Missouri,63103,314
Harrisburg University of Science and Technology,326 Market Street,Harrisburg,Pennsylvania,17101,717
Hartwick College,One Hartwick Drive,Oneonta,New York,13820,607
Harvard University,Massachusetts Hall,Cambridge,Massachusetts,2138,617
Harvey Mudd College,301 Platt Blvd.,Claremont,California,91711,909
Haskell Indian Nations University,155 Indian Ave,Lawrence,Kansas,66046,785
Hastings College,710 N Turner Ave,Hastings,Nebraska,68901,402
Haverford College,370 Lancaster Ave,Haverford,Pennsylvania,19041,610
Hawaii Pacific University,1164 Bishop St.,Honolulu,Hawaii,96813,808
Hebrew Theological College,7135 N Carpenter Rd,Skokie,Illinois,60077,847
Heidelberg University,310 E Market St,Tiffin,Ohio,44883,419
Hellenic College,50 Goddard Ave,Brookline,Massachusetts,2445,617
Henderson State University,1100 Henderson St,Arkadelphia,Arkansas,71999,870
Hendrix College,1600 Washington Ave,Conway,Arkansas,72032,501
Heritage University,3240 Fort Rd,Toppenish,Washington,98948,509
Herzing University,525 N. 6th Street,Milwaukee,Wisconsin,53203,
High Point University,833 Montlieu Ave,High Point,North Carolina,27262,336
Hilbert College,5200 S Park Ave,Hamburg,New York,14075,716
Hillsdale College,33 E. College Street,Hillsdale,Michigan,49242,
Hiram College,P. O. Box 67,Hiram,Ohio,44234,330
Hodges University,2655 Northbrooke Drive,Naples,Florida,34119,239
Hofstra University,100 Hofstra University,Hempstead,New York,11549,516
Hollins University,7916 Williamson Rd NW,Roanoke,Virginia,24020,540
Holy Apostles College and Seminary,33 Prospect Hill Rd,Cromwell,Connecticut,6416,860
Holy Cross College,54515 State Road 933 North,Notre Dame,Indiana,46556,574
Holy Family University,9801 Frankford Avenue,Philadelphia,Pennsylvania,19114,215
Holy Names University,3500 Mountain Blvd,Oakland,California,94619,510
Hood College,401 Rosemont Ave,Frederick,Maryland,21701,301
Hope College,141 E 12th St,Holland,Michigan,49423,616
Hope International University,2500 E Nutwood Ave,Fullerton,California,92831,714
Houghton College,1 Willard Ave,Houghton,New York,14744,585
Houston Baptist University,7502 Fondren Rd,Houston,Texas,77074,281
Howard Payne University,1000 Fisk Ave,Brownwood,Texas,76801,325
Howard University,2400 Sixth St NW,Washington,District of Columbia,20059,202
Hult International Business School,One Education Street,Cambridge,Massachusetts,2141,617
Humboldt State University,1 Harpst Street,Arcata,California,95521,707
Huntingdon College,1500 East Fairview Avenue,Montgomery,Alabama,36106,334
Huntington University,2303 College Ave,Huntington,Indiana,46750,260
Husson University,One College Circle,Bangor,Maine,4401,207
Huston-Tillotson University,900 Chicon St,Austin,Texas,78702,512
Idaho State University,921 S 7th Ave,Pocatello,Idaho,83209,208
Illinois College,1101 W College Ave,Jacksonville,Illinois,62650,217
Illinois Institute of Technology,3300 S Federal St,Chicago,Illinois,60616,312
Illinois State University,"1000 Illinois State University, Campus Box 1000",Normal,Illinois,61790,309
Illinois Wesleyan University,1312 Park Street,Bloomington,Illinois,61701,309
Immaculata University,1145 King Rd,Immaculata,Pennsylvania,19345,610
Indian River State College,3209 Virginia Ave,Fort Pierce,Florida,34981,772
Indiana Institute of Technology,1600 E Washington Blvd,Fort Wayne,Indiana,46803,260
Indiana State University,200 N 7th St,Terre Haute,Indiana,47809,812
Indiana University East,2325 Chester Blvd.,Richmond,Indiana,47374,765
Indiana University Northwest,3400 Broadway,Gary,Indiana,46408,219
Indiana University Southeast,4201 Grant Line Rd.,New Albany,Indiana,47150,812
Indiana University of Pennsylvania,1011 South Drive,Indiana,Pennsylvania,15705,724
Indiana Wesleyan University,4201 S Washington St,Marion,Indiana,46953,765
Institute of American Indian and Alaska Native Culture and Arts Development,83 Avan Nu Po Road,Santa Fe,New Mexico,87508,505
Iona College,715 North Ave,New Rochelle,New York,10801,914
Iowa State University,1750 Beardshear Hall,Ames,Iowa,50011,515
Iowa Wesleyan College,601 N Main Street,Mount Pleasant,Iowa,52641,319
Ithaca College,953 Danby Rd,Ithaca,New York,14850,607
Jackson State University,1440 J R Lynch St,Jackson,Mississippi,39217,601
Jacksonville State University,700 Pelham Road North,Jacksonville,Alabama,36265,256
Jacksonville University,2800 University Blvd N,Jacksonville,Florida,32211,904
James Madison University,800 South Main Street,Harrisonburg,Virginia,22807,540
Jarvis Christian College,Hwy 80 E,Hawkins,Texas,75765,903
Jewish Theological Seminary of America,3080 Broadway,New York,New York,10027,212
John Brown University,2000 W University St,Siloam Springs,Arkansas,72761,479
John Carroll University,20700 North Park Blvd.,University Heights,Ohio,44118,216
Johns Hopkins University,3400 N Charles St,Baltimore,Maryland,21218,410
Johnson & Wales University,8 Abbott Park Place,Providence,Rhode Island,2903,401
Johnson State College,337 College Hill,Johnson,Vermont,5656,802
Johnson University,7900 Johnson Drive,Knoxville,Tennessee,37998,865
Jones International University,9697 East Mineral Avenue,Centennial,Colorado,80112,800
Judson College,302 Bibb St,Marion,Alabama,36756,334
Judson University,1151 N State St,Elgin,Illinois,60123,847
Juniata College,1700 Moore St,Huntingdon,Pennsylvania,16652,814
Kalamazoo College,1200 Academy St,Kalamazoo,Michigan,49006,269
Kansas City Art Institute,4415 Warwick Boulevard,Kansas City,Missouri,64111,816
Kansas State University,110 Anderson Hall,Manhattan,Kansas,66506,785
Kansas Wesleyan University,100 E. Claflin Ave.,Salina,Kansas,67401,800
Kaplan University,1801 E Kimberly Rd Ste 1,Davenport,Iowa,52807,563
Kean University,1000 Morris Ave,Union,New Jersey,7083,908
Keene State College,229 Main Street,Keene,New Hampshire,3435,603
Keiser University,1500 NW 49th St.,Fort Lauderdale,Florida,33309,954
Kendall College,900 N. North Branch St.,Chicago,Illinois,60622,312
Kennesaw State University,1000 Chastain Rd    Mail Box  0110,Kennesaw,Georgia,30144,770
Kent State University,P.O. Box 5190,Kent,Ohio,44242,330
Kentucky Christian University,100 Academic Pky,Grayson,Kentucky,41143,606
Kentucky State University,400 East Main Street,Frankfort,Kentucky,40601,502
Kentucky Wesleyan College,3000 Frederica St,Owensboro,Kentucky,42301,270
Kenyon College,106 College-Park Street,Gambier,Ohio,43022,740
Kettering University,1700 W Third Ave,Flint,Michigan,48504,800
Keuka College,141 Central Avenue,Keuka Park,New York,14478,315
Keystone College,One College Green,La Plume,Pennsylvania,18440,570
King University,1350 King College Rd,Bristol,Tennessee,37620,423
King's College,133 N River St,Wilkes Barre,Pennsylvania,18711,570
King's College,322 Lamar Avenue,Charlotte,North Carolina,28204,704
Knox College,2 East South Street,Galesburg,Illinois,61401,309
Kutztown University of Pennsylvania,15200 Kutztown Rd,Kutztown,Pennsylvania,19530,610
Kuyper College,3333 East Beltline N.E.,Grand Rapids,Michigan,49525,616
LIM College,12 E 53rd St,New York,New York,10022,212
La Roche College,9000 Babcock Blvd,Pittsburgh,Pennsylvania,15237,412
La Salle University,1900 W Olney Ave,Philadelphia,Pennsylvania,19141,215
La Sierra University,4500 Riverwalk Parkway,Riverside,California,92515,951
LaGrange College,601 Broad St.,Lagrange,Georgia,30240,706
Lafayette College,High St,Easton,Pennsylvania,18042,610
Laguna College of Art and Design,2222 Laguna Canyon Rd,Laguna Beach,California,92651,949
Lake Erie College,391 W Washington St,Painesville,Ohio,44077,440
Lake Forest College,555 N Sheridan Road,Lake Forest,Illinois,60045,847
Lake Superior State University,650 W Easterday Ave,Sault Ste Marie,Michigan,49783,906
Lakeland College,"W3718 South Drive, Cth M",Plymouth,Wisconsin,53073,920
Lakeview College of Nursing,903 N Logan Ave,Danville,Illinois,61832,217
Lamar University,4400 MLK,Beaumont,Texas,77705,409
Lancaster Bible College,901 Eden Road,Lancaster,Pennsylvania,17608,717
Lander University,320 Stanley Avenue,Greenwood,South Carolina,29649,864
Lane College,545 Lane Ave,Jackson,Tennessee,38301,731
Langston University,102 Page Hall,Langston,Oklahoma,73050,405
Lasell College,1844 Commonwealth Ave,Newton,Massachusetts,2466,617
Lawrence Technological University,21000 W Ten Mile Rd,Southfield,Michigan,48075,248
Lawrence University,PO Box 599,Appleton,Wisconsin,54912,920
Le Moyne College,1419 Salt Springs Rd,Syracuse,New York,13214,315
LeMoyne-Owen College,807 Walker Ave,Memphis,Tennessee,38126,901
LeTourneau University,2100 S Mobberly Ave,Longview,Texas,75607,903
Lebanon Valley College,101 N College Ave,Annville,Pennsylvania,17003,717
Lee University,1120 N Ocoee St,Cleveland,Tennessee,37320,423
Lees-McRae College,191 Main Street,Banner Elk,North Carolina,28604,828
Lehigh University,27 Memorial Dr W,Bethlehem,Pennsylvania,18015,610
Lesley University,29 Everett St,Cambridge,Massachusetts,2138,617
Lewis & Clark College,0615 S W Palatine Hill Rd,Portland,Oregon,97219,503
Lewis University,One University Parkway,Romeoville,Illinois,60446,815
Lewis-Clark State College,500 8th Ave,Lewiston,Idaho,83501,208
Lexington College,310 South Peoria,Chicago,Illinois,60607,312
Liberty University,1971 University Blvd,Lynchburg,Virginia,24502,434
Life Pacific College,1100 W. Covina Blvd,San Dimas,California,91773,909
Life University,1269 Barclay Circle,Marietta,Georgia,30060,770
Limestone College,1115 College Drive,Gaffney,South Carolina,29340,864
Lincoln Christian University,100 Campus View Drive,Lincoln,Illinois,62656,217
Lincoln College,300 Keokuk St,Lincoln,Illinois,62656,217
Lincoln Memorial University,6965 Cumberland Gap Pky,Harrogate,Tennessee,37752,423
Lincoln University,401 15th Street,Oakland,California,94612,510
Lincoln University,820 Chestnut Street,Jefferson City,Missouri,65102,573
Lindenwood University,209 S. Kingshighway,St. Charles,Missouri,63301,636
Lindsey Wilson College,210 Lindsey Wilson St,Columbia,Kentucky,42728,270
Linfield College,900 SE Baker,McMinnville,Oregon,97128,503
Lipscomb University,3901 Granny White Pike,Nashville,Tennessee,37204,615
Livingstone College,701 W Monroe St,Salisbury,North Carolina,28144,704
Lock Haven University of Pennsylvania,401 N Fairview St,Lock Haven,Pennsylvania,17745,570
Loma Linda University,,Loma Linda,California,92350,909
Longwood University,201 High St,Farmville,Virginia,23909,434
Loras College,1450 Alta Vista,Dubuque,Iowa,52004,563
Louisiana College,1140 College Dr,Pineville,Louisiana,71359,318
Louisiana Tech University,305 Wisteria,Ruston,Louisiana,71272,318
Lourdes University,6832 Convent Blvd,Sylvania,Ohio,43560,419
Loyola Marymount University,One LMU Drive,Los Angeles,California,90045,310
Loyola University Maryland,4501 N Charles St,Baltimore,Maryland,21210,410
Loyola University New Orleans,6363 Saint Charles Ave,New Orleans,Louisiana,70118,504
Lubbock Christian University,5601 19th Street,Lubbock,Texas,79407,806
Luther College,700 College Drive,Decorah,Iowa,52101,563
Lycoming College,700 College Place,Williamsport,Pennsylvania,17701,570
Lyme Academy College of Fine Arts,84 Lyme St,Old Lyme,Connecticut,6371,860
Lynchburg College,1501 Lakeside Dr,Lynchburg,Virginia,24501,434
Lyndon State College,1001 College Rd,Lyndonville,Vermont,5851,802
Lynn University,3601 N. Military Trail,Boca Raton,Florida,33431,561
Lyon College,2300 Highland Road,Batesville,Arkansas,72503,870
MacMurray College,447 E. College Ave,Jacksonville,Illinois,62650,217
Macalester College,1600 Grand Avenue,St. Paul,Minnesota,55105,651
Madonna University,36600 Schoolcraft Rd,Livonia,Michigan,48150,734
Maharishi University of Management,1000 N 4th St,Fairfield,Iowa,52557,515
Maine College of Art,97 Spring St,Portland,Maine,4101,207
Maine Maritime Academy,C3,Castine,Maine,4420,207
Malone University,2600 Cleveland Ave. NW,Canton,Ohio,44709,330
Manchester University,604 E. College Ave.,North Manchester,Indiana,46962,260
Manhattan Christian College,1415 Anderson Ave,Manhattan,Kansas,66502,785
Manhattan College,Manhattan College Pky,Riverdale,New York,10471,718
Manhattan School of Music,120 Claremont Ave,New York,New York,10027,212
Manhattanville College,2900 Purchase Street,Purchase,New York,10577,914
Mansfield University of Pennsylvania,Academy Street,Mansfield,Pennsylvania,16933,570
Maranatha Baptist Bible College,745 W. Main St.,Watertown,Wisconsin,53094,920
Marian University,3200 Cold Spring Rd,Indianapolis,Indiana,46222,317
Marian University,45 S. National Ave.,Fond du Lac,Wisconsin,54935,920
Marietta College,215 Fifth Street,Marietta,Ohio,45750,740
Marist College,3399 North Road,Poughkeepsie,New York,12601,845
Marlboro College,2582 South Rd,Marlboro,Vermont,5344,802
Marquette University,"P.O. Box 1881, 615 N. Eleventh St.",Milwaukee,Wisconsin,53201,414
Mars Hill University,100 Athletic St,Mars Hill,North Carolina,28754,828
Marshall University,1 John Marshall Dr,Huntington,West Virginia,25755,304
Martin Luther College,1995 Luther Court,New Ulm,Minnesota,56073,507
Martin Methodist College,433 West Madison Street,Pulaski,Tennessee,38478,931
Martin University,2171 Avondale Place,Indianapolis,Indiana,46218,317
Mary Baldwin College,101 East Frederick Street,Staunton,Virginia,24401,540
Marygrove College,8425 W McNichols Rd,Detroit,Michigan,48221,313
Maryland Institute College of Art,1300 Mount Royal Ave,Baltimore,Maryland,21217,410
Marylhurst University,17600 Pacific Hwy - Hwy 43,Marylhurst,Oregon,97036,503
Marymount Manhattan College,221 E 71st St,New York,New York,10021,212
Marymount University,2807 N Glebe Rd,Arlington,Virginia,22207,703
Maryville College,502 E Lamar Alexander Pky,Maryville,Tennessee,37804,865
Marywood University,2300 Adams Ave,Scranton,Pennsylvania,18509,570
Massachusetts College of Art and Design,621 Huntington Ave,Boston,Massachusetts,2115,617
Massachusetts College of Liberal Arts,375 Church St,North Adams,Massachusetts,1247,413
Massachusetts Institute of Technology,77 Massachusetts Avenue,Cambridge,Massachusetts,2139,617
Massachusetts Maritime Academy,101 Academy Dr,Buzzards Bay,Massachusetts,2532,508
Mayville State University,330 Third St NE,Mayville,North Dakota,58257,701
McDaniel College,2 College Hill,Westminster,Maryland,21157,410
McKendree University,701 College Rd,Lebanon,Illinois,62254,618
McMurry University,S 14th and Sayles Blvd,Abilene,Texas,79697,325
McNeese State University,4205 Ryan Street,Lake Charles,Louisiana,70609,337
McPherson College,1600 E Euclid,McPherson,Kansas,67460,620
Medaille College,18 Agassiz Circle,Buffalo,New York,14214,716
Medical University of South Carolina,171 Ashley Ave,Charleston,South Carolina,29425,843
Memphis College of Art,1930 Poplar Ave,Memphis,Tennessee,38104,901
Menlo College,1000 El Camino Real,Atherton,California,94027,800
Mercer University,1400 Coleman Avenue,Macon,Georgia,31207,478
Mercy College of Health Sciences,928 Sixth Ave,Des Moines,Iowa,50309,515
Meredith College,3800 Hillsborough St,Raleigh,North Carolina,27607,919
Merrimack College,315 Turnpike St,North Andover,Massachusetts,1845,
Messiah College,One College Ave,Grantham,Pennsylvania,17027,717
Metropolitan College of New York,75 Varick St,New York,New York,10013,800
Metropolitan State University of Denver,PO Box 173362,Denver,Colorado,80217,303
Metropolitan State University,700 E Seventh St,Saint Paul,Minnesota,55106,651
Miami Dade College,300 NE 2nd Ave,Miami,Florida,33132,305
Michigan State University,450 Administration Bldg.,East Lansing,Michigan,48824,517
Michigan Technological University,1400 Townsend Drive,Houghton,Michigan,49931,906
Mid-America Christian University,3500 SW 119th St,Oklahoma City,Oklahoma,73170,405
Mid-Atlantic Christian University,715 N Poindexter St,Elizabeth City,North Carolina,27909,252
Mid-Continent University,99 Powell Rd E,Mayfield,Kentucky,42066,270
MidAmerica Nazarene University,2030 E College Way,Olathe,Kansas,66062,913
Middle Tennessee State University,1301 East Main Street,Murfreesboro,Tennessee,37132,615
Middlebury College,Old Chapel,Middlebury,Vermont,5753,802
Midland College,3600 N Garfield,Midland,Texas,79705,432
Midland University,900 N. Clarkson,Fremont,Nebraska,68025,402
Midstate College,411 W Northmoor Road,Peoria,Illinois,61614,309
Midway College,512 E. Stephens St,Midway,Kentucky,40347,859
Midwestern State University,3410 Taft Blvd,Wichita Falls,Texas,76308,940
Miles College,5500 Myron Massey Blvd,Fairfield,Alabama,35064,205
Millersville University of Pennsylvania,20 Dilworth Rd,Millersville,Pennsylvania,17551,717
Milligan College,1 Blowers Boulevard,Milligan College,Tennessee,37682,423
Millikin University,1184 W Main St,Decatur,Illinois,62522,217
Mills College,5000 MacArthur Blvd,Oakland,California,94613,510
Millsaps College,1701 N State St,Jackson,Mississippi,39210,601
Milwaukee School of Engineering,1025 N Broadway,Milwaukee,Wisconsin,53202,414
Minneapolis College of Art and Design,2501 Stevens Ave,Minneapolis,Minnesota,55404,612
Minot State University,500 University Ave W,Minot,North Dakota,58707,701
Misericordia University,301 Lake St,Dallas,Pennsylvania,18612,570
Mississippi College,200 South Capitol Street,Clinton,Mississippi,39058,601
Mississippi State University,610 Allen Hall,Mississippi State,Mississippi,39762,662
Mississippi University for Women,1100 College Street,Columbus,Mississippi,39701,662
Mississippi Valley State University,14000 Highway 82 West,Itta Bena,Mississippi,38941,662
Missouri Baptist University,One College Park Dr,Saint Louis,Missouri,63141,314
Missouri Southern State University,3950 E Newman Rd,Joplin,Missouri,64801,417
Missouri State University,901 S National,Springfield,Missouri,65897,417
Missouri Valley College,500 E College St,Marshall,Missouri,65340,660
Missouri Western State University,4525 Downs Dr,Saint Joseph,Missouri,64507,816
Mitchell College,437 Pequot Ave,New London,Connecticut,6320,860
Molloy College,1000 Hempstead Ave,Rockville Centre,New York,11571,516
Monmouth College,700 E Broadway,Monmouth,Illinois,61462,309
Monmouth University,400 Cedar Ave,West Long Branch,New Jersey,7764,732
Monroe College,2501 Jerome Avenue,Bronx,New York,10468,718
Montana Tech of the University of Montana,1300 W Park St,Butte,Montana,59701,406
Montclair State University,1 Normal Avenue - 855 Valley Road,Montclair,New Jersey,7043,973
Montreat College,310 Gaither Cir,Montreat,North Carolina,28757,828
Montserrat College of Art,23 Essex St,Beverly,Massachusetts,1915,978
Moody Bible Institute,820 N LaSalle Blvd,Chicago,Illinois,60610,312
Moravian College,1200 Main St,Bethlehem,Pennsylvania,18018,610
Morehead State University,150 University Blvd,Morehead,Kentucky,40351,606
Morehouse College,830 Westview Dr SW,Atlanta,Georgia,30314,404
Morgan State University,1700 East Cold Spring Lane,Baltimore,Maryland,21251,443
Morningside College,1501 Morningside Ave,Sioux City,Iowa,51106,712
Morris College,100 West College St,Sumter,South Carolina,29150,803
Mount Aloysius College,7373 Admiral Peary Highway,Cresson,Pennsylvania,16630,814
Mount Angel Seminary,1 Abbey Dr,Saint Benedict,Oregon,97373,503
Mount Carmel College of Nursing,127 So.  Davis Ave,Columbus,Ohio,43222,614
Mount Holyoke College,50 College Street,South Hadley,Massachusetts,1075,413
Mount Ida College,777 Dedham Street,Newton,Massachusetts,2459,617
Mount Marty College,1105 W. 8th Street,Yankton,South Dakota,57078,800
Mount Mary University,2900 N. Menomonee River Pky,Milwaukee,Wisconsin,53222,414
Mount Mercy University,1330 Elmhurst Dr NE,Cedar Rapids,Iowa,52402,319
Mount Olive College,634 Henderson St,Mount Olive,North Carolina,28365,919
Mount St. Mary's College,12001 Chalon Road,Los Angeles,California,90049,310
Mount Vernon Nazarene University,800 Martinsburg Rd,Mount Vernon,Ohio,43050,740
Muhlenberg College,2400 Chew Street,Allentown,Pennsylvania,18104,484
Multnomah University,8435 NE Glisan St,Portland,Oregon,97220,503
Murray State University,218 Wells Hall,Murray,Kentucky,42071,270
Muskingum University,163 Stormont Street,New Concord,Ohio,43762,740
Naropa University,2130 Arapahoe Ave,Boulder,Colorado,80302,303
National Graduate School of Quality Management,186 Jones Road,Falmouth,Massachusetts,2540,800
National Labor College,10000 New Hampshire Avenue,Silver Spring,Maryland,20903,301
National University,11255 North Torrey Pines Road,La Jolla,California,92037,858
Nazarene Bible College,1111 Academy Park Loop,Colorado Springs,Colorado,80910,719
Nebraska Wesleyan University,5000 St Paul Ave,Lincoln,Nebraska,68504,402
Neumann University,One Neumann Drive,Aston,Pennsylvania,19014,610
New College of Florida,5800 Bay Shore Road,Sarasota,Florida,34243,941
New England College,24 Bridge St,Henniker,New Hampshire,3242,603
New England Institute of Technology,One New England Boulevard,East Greenwich,Rhode Island,2818,401
New Jersey City University,2039 Kennedy Blvd,Jersey City,New Jersey,7305,201
New Jersey Institute of Technology,University Heights,Newark,New Jersey,7102,973
New Mexico Highlands University,University Ave,Las Vegas,New Mexico,87701,505
New Mexico Institute of Mining and Technology,801 Leroy Place,Socorro,New Mexico,87801,800
New Mexico State University,P.O. Box 30001,Las Cruces,New Mexico,88003,505
New Orleans Baptist Theological Seminary,3939 Gentilly Blvd,New Orleans,Louisiana,70126,504
New York University,70 Washington Sq South,New York,New York,10012,212
Newberry College,2100 College St,Newberry,South Carolina,29108,803
Newman University,3100 McCormick Ave,Wichita,Kansas,67213,316
Niagara University,,Niagara University,New York,14109,716
Nicholls State University,University Station  La Hwy 1,Thibodaux,Louisiana,70310,877
Nichols College,"123 Center Road, P.O. Box 5000",Dudley,Massachusetts,1571,508
Norfolk State University,700 Park Ave,Norfolk,Virginia,23504,757
North Carolina Central University,1801 Fayetteville Street,Durham,North Carolina,27707,919
North Carolina Wesleyan College,3400 N Wesleyan Blvd,Rocky Mount,North Carolina,27804,252
North Central College,30 N Brainard St,Naperville,Illinois,60540,630
North Central University,910 Elliot Ave,Minneapolis,Minnesota,55404,612
North Greenville University,7801 N. Tigerville Road,Tigerville,South Carolina,29688,864
North Park University,3225 W Foster Ave,Chicago,Illinois,60625,773
Northcentral University,505 W. Whipple St.,Prescott,Arizona,86301,888
Northeastern Illinois University,5500 N Saint Louis Ave,Chicago,Illinois,60625,773
Northeastern State University,600 N Grand,Tahlequah,Oklahoma,74464,918
Northeastern University,360 Huntington Ave,Boston,Massachusetts,2115,617
Northern Arizona University,P.O. Box 4092,Flagstaff,Arizona,86011,928
Northern Illinois University,1425 West Lincoln Highway,Dekalb,Illinois,60115,800
Northern Kentucky University,University Dr,Highland Heights,Kentucky,41099,859
Northern Michigan University,1401 Presque Isle,Marquette,Michigan,49855,906
Northern New Mexico College,PO Box 160,El Rito,New Mexico,87530,505
Northern State University,1200 S Jay St,Aberdeen,South Dakota,57401,605
Northland College,1411 Ellis Avenue,Ashland,Wisconsin,54806,715
Northwest Christian University,828 East 11th Avenue,Eugene,Oregon,97401,541
Northwest Missouri State University,800 University Drive,Maryville,Missouri,64468,660
Northwest Nazarene University,623 Holly St,Nampa,Idaho,83686,208
Northwest University,5520 108th Ave NE,Kirkland,Washington,98083,425
Northwestern College,101 Seventh St SW,Orange City,Iowa,51041,712
Northwestern Health Sciences University,2501 W 84th St,Bloomington,Minnesota,55431,612
Northwestern Oklahoma State University,709 Oklahoma Blvd,Alva,Oklahoma,73717,580
Northwestern State University of Louisiana,140 Central Avenue,Natchitoches,Louisiana,71497,318
Northwestern University,633 Clark St,Evanston,Illinois,60208,312
Northwood University,4000 Whiting Dr,Midland,Michigan,48640,989
Norwich University,158 Harmon Drive,Northfield,Vermont,5663,802
Notre Dame de Namur University,1500 Ralston Ave,Belmont,California,94002,650
Notre Dame of Maryland University,4701 N Charles St,Baltimore,Maryland,21210,410
Nova Southeastern University,3301 College Ave,Fort Lauderdale,Florida,33314,954
Nyack College,1 South Boulevard,Nyack,New York,10960,845
Oakland City University,138 N Lucretia St,Oakland City,Indiana,47660,812
Oakland University,204 Wilson Hall,Rochester,Michigan,48309,248
Oakwood University,7000 Adventist Blvd N.W.,Huntsville,Alabama,35896,256
Oberlin College,70 N Professor St,Oberlin,Ohio,44074,440
Occidental College,1600 Campus Rd,Los Angeles,California,90041,323
Oglala Lakota College,490 Piya Wiconi Road,Kyle,South Dakota,57752,605
Oglethorpe University,4484 Peachtree Rd NE,Atlanta,Georgia,30319,404
Ohio Christian University,1476 Lancaster Pike,Circleville,Ohio,43113,740
Ohio Dominican University,1216 Sunbury Rd,Columbus,Ohio,43219,614
Ohio Northern University,525 Main St,Ada,Ohio,45810,419
Ohio Valley University,#1 Campus View Drive,Vienna,West Virginia,26105,304
Ohio Wesleyan University,61 S Sandusky Street,Delaware,Ohio,43015,740
Oklahoma Baptist University,500 W University,Shawnee,Oklahoma,74804,405
Oklahoma Christian University,P.O. Box 11000,Oklahoma City,Oklahoma,73013,405
Oklahoma City University,2501 N Blackwelder,Oklahoma City,Oklahoma,73106,405
Oklahoma Panhandle State University,323 Eagle Ave,Goodwell,Oklahoma,73939,580
Oklahoma State University,107 Whitehurst Hall,Stillwater,Oklahoma,74078,405
Oklahoma Wesleyan University,2201 Silver Lake Rd,Bartlesville,Oklahoma,74006,918
Old Dominion University,5115 Hampton Blvd,Norfolk,Virginia,23529,757
Olivet College,320 South Main Street,Olivet,Michigan,49076,269
Olivet Nazarene University,One University Avenue,Bourbonnais,Illinois,60914,815
Olympic College,1600 Chester Avenue,Bremerton,Washington,98337,360
Oral Roberts University,7777 S Lewis,Tulsa,Oklahoma,74171,918
Oregon College of Art and Craft,8245 SW Barnes Rd,Portland,Oregon,97225,503
Oregon Institute of Technology,3201 Campus Drive,Klamath Falls,Oregon,97601,541
Oregon State University,,Corvallis,Oregon,97331,541
Otis College of Art and Design,9045 Lincoln Blvd,Los Angeles,California,90045,800
Ottawa University,1001 South Cedar,Ottawa,Kansas,66067,785
Otterbein University,One Otterbein College,Westerville,Ohio,43081,614
Ouachita Baptist University,410 Ouachita St,Arkadelphia,Arkansas,71998,870
Our Lady of Holy Cross College,4123 Woodland Dr,New Orleans,Louisiana,70131,504
Our Lady of the Lake College,5414 Brittany Drive,Baton Rouge,Louisiana,70808,225
Our Lady of the Lake University,411 SW 24th St,San Antonio,Texas,78207,210
Pacific Lutheran University,1010 122nd St So,Tacoma,Washington,98447,253
Pacific Northwest College of Art,1241 NW Johnson,Portland,Oregon,97209,503
Pacific Oaks College,5 Westmoreland Pl,Pasadena,California,91103,626
Pacific Union College,One Angwin Ave,Angwin,California,94508,707
Pacific University,2043 College Way,Forest Grove,Oregon,97116,503
Paine College,1235 15th St,Augusta,Georgia,30901,706
Palmer College of Chiropractic,1000 Brady St,Davenport,Iowa,52803,563
Park University,8700 NW River Park Dr,Parkville,Missouri,64152,816
Parker University,2500 Walnut Hill Lane,Dallas,Texas,75229,972
Patten University,2433 Coolidge Ave,Oakland,California,94601,510
Peirce College,1420 Pine Street,Philadelphia,Pennsylvania,19102,877
Peninsula College,1502 E Lauridsen Blvd,Port Angeles,Washington,98362,360
Pennsylvania College of Art and Design,204 N Prince St,Lancaster,Pennsylvania,17608,717
Pennsylvania College of Technology,One College Ave,Williamsport,Pennsylvania,17701,570
Pepperdine University,24255 Pacific Coast Hwy,Malibu,California,90263,310
Peru State College,600 Hoyt Street,Peru,Nebraska,68421,402
Pfeiffer University,48380 US Highway 52N,Misenheimer,North Carolina,28109,704
Philadelphia University,School House Lane and Henry Avenue,Philadelphia,Pennsylvania,19144,215
Philander Smith College,One Trudie Kibbe Reed Drive,Little Rock,Arkansas,72202,501
Piedmont College,165 Central Ave,Demorest,Georgia,30535,706
Pine Manor College,400 Heath St,Chestnut Hill,Massachusetts,2467,617
Pittsburg State University,1701 S Broadway,Pittsburg,Kansas,66762,620
Pitzer College,1050 North Mills Avenue,Claremont,California,91711,909
Plaza College,74-09 37th Avenue,Jackson Heights,New York,11372,718
Plymouth State University,17 High Street,Plymouth,New Hampshire,3264,603
Point Loma Nazarene University,3900 Lomaland Dr,San Diego,California,92106,619
Point Park University,201 Wood St,Pittsburgh,Pennsylvania,15222,412
Point University,2605 Ben Hill Road,East Point,Georgia,30344,404
Polytechnic Institute of New York University,Six Metrotech Ctr,Brooklyn,New York,11201,718
Pomona College,"550 N College Avenue,  Alexander Hall",Claremont,California,91711,909
Pontifical Catholic University of Puerto Rico,2250 Las Americas Ave. Suite 608,Ponce,Puerto Rico,717,787
Pontifical College Josephinum,7625 N High,Columbus,Ohio,43235,614
Portland State University,724 SW Harrison,Portland,Oregon,97201,503
Post University,800 Country Club Rd,Waterbury,Connecticut,6723,203
Potomac College,1401 H Street NW,Washington,District of Columbia,20005,202
Presbyterian College,503 S Broad St,Clinton,South Carolina,29325,864
Prescott College,220 Grove Ave,Prescott,Arizona,86301,928
Presentation College,1500 N Main,Aberdeen,South Dakota,57401,605
Princeton University,One Nassau Hall,Princeton,New Jersey,8544,609
Principia College,1 Maybeck Place,Elsah,Illinois,62028,618
Providence College,River Ave and Eaton St,Providence,Rhode Island,2918,401
Puerto Rico Conservatory of Music,Urb Roosevelt 350 Rafael Lamar St,San Juan,Puerto Rico,918,787
Queens University of Charlotte,1900 Selwyn Ave,Charlotte,North Carolina,28274,704
Quincy University,1800 College Ave,Quincy,Illinois,62301,217
Quinnipiac University,275 Mount Carmel Ave,Hamden,Connecticut,6518,203
Radford University,East Main Street,Radford,Virginia,24141,540
Ramapo College of New Jersey,505 Ramapo Valley Rd,Mahwah,New Jersey,7430,201
Randolph-Macon College,204 Henry Street,Ashland,Virginia,23005,804
Ranken Technical College,4431 Finney Ave,Saint Louis,Missouri,63113,314
Reed College,3203 SE Woodstock Boulevard,Portland,Oregon,97202,503
Regent University,1000 Regent University Dr,Virginia Beach,Virginia,23464,757
Regis College,235 Wellesley St,Weston,Massachusetts,2493,781
Regis University,3333 Regis Blvd,Denver,Colorado,80221,303
Reinhardt University,7300 Reinhardt College Circle,Waleska,Georgia,30183,770
Rensselaer Polytechnic Institute,110 8th St,Troy,New York,12180,518
Research College of Nursing,2525 E. Meyer Boulevard,Kansas City,Missouri,64132,816
Resurrection University,1431 N. Claremont Avenue,Chicago,Illinois,60622,708
Rhode Island College,600 Mount Pleasant Ave,Providence,Rhode Island,2908,401
Rhode Island School of Design,2 College St,Providence,Rhode Island,2903,401
Rhodes College,2000 North Parkway,Memphis,Tennessee,38112,901
Rice University,6100 S Main,Houston,Texas,77005,713
Rider University,2083 Lawrenceville Road,Lawrenceville,New Jersey,8648,609
Ringling College of Art and Design,2700 North Tamiami Tr,Sarasota,Florida,34234,800
Ripon College,300 Seward St,Ripon,Wisconsin,54971,920
Rivier University,420 South Main St,Nashua,New Hampshire,3060,603
Roanoke College,221 College Ln,Salem,Virginia,24153,540
Robert B. Miller College,450 North Avenue,Battle Creek,Michigan,49017,269
Robert Morris University,6001 University Boulevard,Moon Township,Pennsylvania,15108,412
Roberts Wesleyan College,2301 Westside Drive,Rochester,New York,14624,585
Rochester College,800 W Avon Rd,Rochester Hills,Michigan,48307,248
Rochester Institute of Technology,1 Lomb Memorial Dr,Rochester,New York,14623,585
Rockford University,5050 E State St,Rockford,Illinois,61108,815
Rockhurst University,1100 Rockhurst Rd,Kansas City,Missouri,64110,816
Rocky Mountain College of Art and Design,1600 Pierce St,Denver,Colorado,80214,303
Rocky Mountain College,1511 Poly Drive,Billings,Montana,59102,406
Roger Williams University,One Old Ferry Rd,Bristol,Rhode Island,2809,401
Rogers State University,1701 W Will Rogers Blvd,Claremore,Oklahoma,74017,918
Rollins College,1000 Holt Ave,Winter Park,Florida,32789,407
Roosevelt University,430 S Michigan Ave,Chicago,Illinois,60605,312
Rosalind Franklin University of Medicine and Science,3333 Green Bay Rd,North Chicago,Illinois,60064,847
Rose-Hulman Institute of Technology,5500 Wabash Avenue,Terre Haute,Indiana,47803,812
Rosemont College,1400 Montgomery Ave,Rosemont,Pennsylvania,19010,610
Rowan University,201 Mullica Hill Road,Glassboro,New Jersey,8028,856
Rush University,600 S. Paulina St.,Chicago,Illinois,60612,312
Rust College,150 Rust Ave,Holly Springs,Mississippi,38635,601
SUNY College of Environmental Science and Forestry,One Forestry Dr,Syracuse,New York,13210,315
SUNY Downstate Medical Center,339 Hicks Street,Brooklyn,New York,11201,718
SUNY Downstate Medical Center,450 Clarkson Avenue,Brooklyn,New York,11203,
SUNY Empire State College,1 Union Ave,Saratoga Springs,New York,12866,518
SUNY Maritime College,6 Pennyfield Ave,Bronx,New York,10465,718
Sacred Heart Major Seminary,2701 Chicago Blvd,Detroit,Michigan,48206,313
Sacred Heart University,5151 Park Ave,Fairfield,Connecticut,6825,203
Saginaw Valley State University,7400 Bay Rd,University Center,Michigan,48710,989
Salem College,601 S Church St,Winston Salem,North Carolina,27101,336
Salem International University,223 W Main St,Salem,West Virginia,26426,304
Salem State University,352 Lafayette St,Salem,Massachusetts,1970,978
Salisbury University,1101 Camden Ave,Salisbury,Maryland,21801,410
Salish Kootenai College,52000 Highway 93,Pablo,Montana,59855,406
Salve Regina University,100 Ochre Point Avenue,Newport,Rhode Island,2840,401
Sam Houston State University,1803 Ave I,Huntsville,Texas,77341,936
Samford University,800 Lakeshore Drive,Birmingham,Alabama,35229,205
Samuel Merritt University,370 Hawthorne Ave,Oakland,California,94609,510
San Diego Christian College,2100 Greenfield Dr,El Cajon,California,92019,619
San Diego State University,5500 Campanile Dr,San Diego,California,92182,619
San Francisco Art Institute,800 Chestnut St,San Francisco,California,94133,415
San Francisco Conservatory of Music,50 Oak Street,San Francisco,California,94102,415
San Francisco State University,1600 Holloway Ave,San Francisco,California,94132,415
San Jose State University,1 Washington Sq,San Jose,California,95192,408
Santa Clara University,500 El Camino Real,Santa Clara,California,95053,408
Santa Fe University of Art and Design,1600 St. Michael's Drive,Santa Fe,New Mexico,87505,505
Sarah Lawrence College,One Meadway,Bronxville,New York,10708,914
Savannah College of Art and Design,342 Bull St,Savannah,Georgia,31402,912
Savannah State University,3219 College Avenue,Savannah,Georgia,31404,912
School of Visual Arts,209 E 23rd St,New York,New York,10010,212
School of the Art Institute of Chicago,37 S Wabash,Chicago,Illinois,60603,312
Schreiner University,2100 Memorial Blvd,Kerrville,Texas,78028,830
Scripps College,1030 N Columbia Ave,Claremont,California,91711,909
Seattle Pacific University,3307 3rd Ave W,Seattle,Washington,98119,206
Seattle University,900 Broadway,Seattle,Washington,98122,206
Seton Hall University,400 S Orange Ave,South Orange,New Jersey,7079,973
Seton Hill University,Seton Hill Dr,Greensburg,Pennsylvania,15601,724
Shaw University,118 East South Street,Raleigh,North Carolina,27601,919
Shawnee State University,940  Second  St,Portsmouth,Ohio,45662,740
Shenandoah University,1460 University Dr,Winchester,Virginia,22601,540
Shepherd University,301 N. King St,Shepherdstown,West Virginia,25443,304
Shimer College,3424 South State Street,Chicago,Illinois,60616,312
Shippensburg University of Pennsylvania,1871 Old Main Drive,Shippensburg,Pennsylvania,17257,717
Shorter University,315 Shorter Ave,Rome,Georgia,30165,706
Siena College,515 Loudon Rd,Loudonville,New York,12211,518
Siena Heights University,E 1247 Siena Heights Dr,Adrian,Michigan,49221,517
Sierra Nevada College,999 Tahoe Blvd.,Incline Village,Nevada,89451,775
Silver Lake College,2406 S Alverno Rd,Manitowoc,Wisconsin,54220,920
Simmons College,300 the Fenway,Boston,Massachusetts,2115,617
Simpson College,701 North C St,Indianola,Iowa,50125,515
Simpson University,2211 College View Drive,Redding,California,96003,530
Sinte Gleska University,E. Highway 18,Mission,South Dakota,57555,605
Sitting Bull College,1341 92nd Street,Fort Yates,North Dakota,58538,701
Skidmore College,815 N Broadway,Saratoga Springs,New York,12866,518
Slippery Rock University of Pennsylvania,1 Morrow Way,Slippery Rock,Pennsylvania,16057,724
Smith College,Elm St,Northampton,Massachusetts,1063,413
Sojourner-Douglass College,500 N Caroline St,Baltimore,Maryland,21205,410
Soka University of America,1 University Drive,Aliso Viejo,California,92656,949
Sonoma State University,1801 E Cotati Ave,Rohnert Park,California,94928,707
South Carolina State University,300 College St NE,Orangeburg,South Carolina,29117,803
South College,3904 Lonas Road,Knoxville,Tennessee,37909,865
South Dakota School of Mines and Technology,501 E Saint Joseph St,Rapid City,South Dakota,57701,605
South Dakota State University,"Box 2201, Adm 324",Brookings,South Dakota,57007,605
South Seattle Community College,6000 16th Ave SW,Seattle,Washington,98106,206
South Texas College,3201 W Pecan,McAllen,Texas,78502,956
Southeast Missouri State University,One University Plz,Cape Girardeau,Missouri,63701,573
Southeastern Louisiana University,548 Western Ave.,Hammond,Louisiana,70402,985
Southeastern Oklahoma State University,"1405 N. 4th Avenue, P.O. Box 4236",Durant,Oklahoma,74701,580
Southeastern University,1000 Longfellow Blvd,Lakeland,Florida,33801,863
Southeastern University,501 I St SW,Washington,District of Columbia,20024,202
Southern Adventist University,4881 Taylor Cir,Collegedale,Tennessee,37315,423
Southern California Institute of Architecture,960 E. 3rd Street,Los Angeles,California,90013,213
Southern Connecticut State University,501 Crescent Street,New Haven,Connecticut,6515,203
Southern Methodist University,6425 Boaz St,Dallas,Texas,75275,214
Southern Nazarene University,6729 NW 39th Expy,Bethany,Oklahoma,73008,405
Southern New Hampshire University,2500 N River Rd,Manchester,New Hampshire,3106,603
Southern Oregon University,1250 Siskiyou Blvd,Ashland,Oregon,97520,541
Southern Polytechnic State University,1100 S. Marietta Parkway,Marietta,Georgia,30060,678
Southern Utah University,351 West University Blvd,Cedar City,Utah,84720,435
Southern Vermont College,982 Mansion Drive,Bennington,Vermont,5201,802
Southern Wesleyan University,907 Wesleyan Drive,Central,South Carolina,29630,864
Southwest Baptist University,1600 University Ave,Bolivar,Missouri,65613,800
Southwest Minnesota State University,1501 State Street,Marshall,Minnesota,56258,507
Southwest University of Visual Arts,2525 North Country Club Road,Tucson,Arizona,85716,520
Southwestern Adventist University,100 W Hillcrest,Keene,Texas,76059,817
Southwestern Assemblies of God University,1200 Sycamore,Waxahachie,Texas,75165,888
Southwestern Christian College,200 Bowser Circle,Terrell,Texas,75160,972
Southwestern Christian University,7210 NW 39th Expressway,Bethany,Oklahoma,73008,405
Southwestern College,100 College St,Winfield,Kansas,67156,620
Southwestern College,3960 ABC San Felipe,Santa Fe,New Mexico,87507,505
Southwestern College,900 Otay Lakes Rd,Chula Vista,California,91910,619
Southwestern Oklahoma State University,100 Campus Dr,Weatherford,Oklahoma,73096,580
Southwestern University,1001 University Ave,Georgetown,Texas,78626,512
Spalding University,845 South Third Street,Louisville,Kentucky,40203,502
Spelman College,350 Spelman Ln SW,Atlanta,Georgia,30314,404
Spring Arbor University,106 E. Main St,Spring Arbor,Michigan,49283,517
Spring Hill College,4000 Dauphin St,Mobile,Alabama,36608,251
Springfield College,263 Alden St,Springfield,Massachusetts,1109,413
St. Bonaventure University,3261 West State Road,St. Bonaventure,New York,14778,716
St. Catherine University,2004 Randolph Ave.,St. Paul,Minnesota,55105,651
St. Edward's University,3001 S Congress Ave,Austin,Texas,78704,512
St. Francis College,180 Remsen Street,Brooklyn Heights,New York,11201,718
St. John's College,1160 Camino Cruz Blanca,Santa Fe,New Mexico,87505,505
St. John's College,60 College Avenue,Annapolis,Maryland,21401,410
St. John's College,729 East Carpenter Street,Springfield,Illinois,62702,
St. Lawrence University,23 Romoda Drive,Canton,New York,13617,315
St. Mary's College of Maryland,18952 E. Fisher Rd,Saint Mary's City,Maryland,20686,240
St. Olaf College,1520 St Olaf Ave,Northfield,Minnesota,55057,507
St. Petersburg College,14025 58th Street North,Clearwater,Florida,33760,727
St. Thomas Aquinas College,125 Rte 340,Sparkill,New York,10976,845
Stanford University,,Stanford,California,94305,650
Stephens College,1200 E Broadway,Columbia,Missouri,65215,573
Sterling College,125 W. Cooper,Sterling,Kansas,67579,620
Sterling College,16 Sterling Drive,Craftsbury Common,Vermont,5827,802
Stetson University,421 N Woodland Blvd,DeLand,Florida,32723,386
Stevens Institute of Technology,Castle Point On Hudson,Hoboken,New Jersey,7030,201
Stevenson University,1525 Greenspring Valley Rd,Stevenson,Maryland,21153,410
Stillman College,3601 Stillman Boulevard,Tuscaloosa,Alabama,35403,205
Stonehill College,320 Washington Street,Easton,Massachusetts,2357,508
Strayer University,1133 15th St NW,Washington,District of Columbia,20005,202
Suffolk University,8 Ashburton Pl Beacon Hill,Boston,Massachusetts,2108,617
Sul Ross State University,400 North Harrison,Alpine,Texas,79832,915
Sullivan University,3101 Bardstown Rd,Louisville,Kentucky,40205,502
Susquehanna University,514 University Ave,Selinsgrove,Pennsylvania,17870,570
Swarthmore College,500 College Ave,Swarthmore,Pennsylvania,19081,610
Sweet Briar College,134 Chapel Drive,Sweet Briar,Virginia,24595,434
Syracuse University,"900 S. Crouse Ave, Suite 600",Syracuse,New York,13244,315
Tabor College,400 S Jefferson,Hillsboro,Kansas,67063,620
Talladega College,627 W Battle St,Talladega,Alabama,35160,256
Tarleton State University,1333 W. Washington,Stephenville,Texas,76402,254
Taylor University,236 W Reade Ave,Upland,Indiana,46989,765
Temple University,1801 North Broad Street,Philadelphia,Pennsylvania,19122,215
Tennessee State University,3500 John A. Merritt Blvd,Nashville,Tennessee,37209,615
Tennessee Technological University,1 William L. Jones Drive,Cookeville,Tennessee,38505,931
Tennessee Wesleyan College,204 East College Street,Athens,Tennessee,37303,423
Texas Christian University,2800 S University Dr,Fort Worth,Texas,76129,817
Texas College,2404 N. Grand Avenue,Tyler,Texas,75702,903
Texas Lutheran University,1000 W. Court St,Seguin,Texas,78155,830
Texas Southern University,3100 Cleburne St,Houston,Texas,77004,713
Texas State University,601 University Dr,San Marcos,Texas,78666,512
Texas Tech University Health Sciences Center,"3601 4th Street, Room 3B305A",Lubbock,Texas,79430,806
Texas Tech University,2500 Broadway,Lubbock,Texas,79409,806
Texas Wesleyan University,1201 Wesleyan St,Fort Worth,Texas,76105,817
Texas Woman's University,304 Administration Dr,Denton,Texas,76201,940
The Citadel,171 Moultrie Street,Charleston,South Carolina,29409,843
The Sage Colleges,45 Ferry St,Troy,New York,12180,518
Thiel College,75 College Ave,Greenville,Pennsylvania,16125,724
Thomas Aquinas College,10000 N Ojai Rd,Santa Paula,California,93060,805
Thomas College,180 W River Rd,Waterville,Maine,4901,207
Thomas Edison State College,101 W State St,Trenton,New Jersey,8608,609
Thomas Jefferson University,1020 Walnut Street,Philadelphia,Pennsylvania,19107,215
Thomas More College of Liberal Arts,6 Manchester St,Merrimack,New Hampshire,3054,603
Thomas More College,333 Thomas More Parkway,Crestview Hills,Kentucky,41017,859
Thomas University,1501 Millpond Rd,Thomasville,Georgia,31792,229
Tiffin University,155 Miami Street,Tiffin,Ohio,44883,419
Toccoa Falls College,107 North Chapel Drive,Toccoa Falls,Georgia,30598,706
Tougaloo College,500 W County Line Rd,Tougaloo,Mississippi,39174,601
Touro College,27-33 W 23rd St,New York,New York,10010,212
Towson University,8000 York Rd,Towson,Maryland,21252,410
Transylvania University,300 N Broadway,Lexington,Kentucky,40508,859
Trevecca Nazarene University,333 Murfreesboro Rd,Nashville,Tennessee,37210,615
Trident University International,5665 Plaza Drive,Cypress,California,90630,
Trine University,1 University Ave,Angola,Indiana,46703,260
Trinity Christian College,6601 W College Dr,Palos Heights,Illinois,60463,708
Trinity College,300 Summit St,Hartford,Connecticut,6106,860
Trinity College,934 Missouri Street,Fairfield,California,94533,707
Trinity International University,2065 Half Day Rd,Deerfield,Illinois,60015,847
Trinity Lutheran College,4221 - 228th Ave SE,Issaquah,Washington,98029,425
Trinity University,One Trinity Place,San Antonio,Texas,78212,210
Troy University,University Avenue,Troy,Alabama,36082,334
Truman State University,100 E Normal,Kirksville,Missouri,63501,660
Tufts University,"Ballou Hall, 2nd Floor",Medford,Massachusetts,2155,617
Tulane University,6823 Saint Charles Ave,New Orleans,Louisiana,70118,504
Tusculum College,60 Shiloh Road,Greeneville,Tennessee,37743,423
Tuskegee University,"Kresge Center, 3rd Floor",Tuskegee,Alabama,36088,334
Union College,310 College St,Barbourville,Kentucky,40906,606
Union College,3800 S 48th,Lincoln,Nebraska,68506,402
Union College,807 Union Street,Schenectady,New York,12308,518
Union University,1050 Union University Dr,Jackson,Tennessee,38305,731
United States Air Force Academy,"2304 Cadet Drive, Suite 3300",USAF Academy,Colorado,80840,
United States Coast Guard Academy,15 Mohegan Avenue,New London,Connecticut,6320,860
United States Merchant Marine Academy,Steamboat Rd,Kings Point,New York,11024,516
United States Military Academy,Institutional Research/Analysis Branch,West  Point,New York,10996,845
United States Naval Academy,121 Blake Road,Annapolis,Maryland,21402,410
United States Sports Academy,One Academy Dr,Daphne,Alabama,36526,251
Unity College,90 Quaker Hill Road,Unity,Maine,4988,207
Universidad Adventista de las Antillas,Carr 106 Km 2.2 Int,Mayaguez,Puerto Rico,680,787
University of Advancing Technology,2625 W Baseline Rd,Tempe,Arizona,85283,602
University of Akron,302 Buchtel Common,Akron,Ohio,44325,330
University of Arizona,1401 E University,Tucson,Arizona,85721,520
University of Arkansas for Medical Sciences,4301 W Markham,Little Rock,Arkansas,72205,501
University of Baltimore,1420 N. Charles Street,Baltimore,Maryland,21201,410
University of Bridgeport,126 Park Avenue,Bridgeport,Connecticut,6604,203
University of Central Arkansas,201 Donaghey Ave,Conway,Arkansas,72035,501
University of Central Florida,4000 Central Florida Blvd,Orlando,Florida,32816,407
University of Central Missouri,116 W. South Street,Warrensburg,Missouri,64093,660
University of Central Oklahoma,100 N. University Dr.,Edmond,Oklahoma,73034,405
University of Charleston,"2300 MacCorkle Avenue,  SE",Charleston,West Virginia,25304,304
University of Chicago,5801 S Ellis Ave,Chicago,Illinois,60637,773
University of Connecticut,352 Mansfield Rd.,Storrs,Connecticut,6269,860
University of Dallas,1845 E Northgate,Irving,Texas,75062,972
University of Dayton,300 College Pk,Dayton,Ohio,45469,937
University of Delaware,104 Hullihen Hall,Newark,Delaware,19716,302
University of Denver,2199 S. University Blvd,Denver,Colorado,80208,303
University of Detroit Mercy,4001 W McNichols Rd,Detroit,Michigan,48221,313
University of Dubuque,2000 University Ave,Dubuque,Iowa,52001,563
University of Evansville,1800 Lincoln Avenue,Evansville,Indiana,47722,812
University of Florida,355 Tigert Hall,Gainesville,Florida,32611,352
University of Georgia,456 East Broad Street,Athens,Georgia,30602,706
University of Great Falls,1301 Twentieth St S,Great Falls,Montana,59405,406
University of Guam,J.U. Torres Drive,Mangilao,Guam,96923,671
University of Hartford,200 Bloomfield Ave,West Hartford,Connecticut,6117,860
University of Houston,4800 Calhoun Rd.,Houston,Texas,77204,713
University of Idaho,875 Perimeter Drive,Moscow,Idaho,83844,208
University of Indianapolis,1400 E Hanna Ave,Indianapolis,Indiana,46227,317
University of Iowa,101 Jessup Hall,Iowa City,Iowa,52242,319
University of Kansas,230 Strong Hall 1450 Jayhawk Blvd.,Lawrence,Kansas,66045,785
University of Kentucky,101 Main Building,Lexington,Kentucky,40506,606
University of La Verne,1950 Third St,La Verne,California,91750,909
University of Louisville,2301 S 3rd St,Louisville,Kentucky,40292,502
University of Maine,"5703 Alumni Hall, Suite 200",Orono,Maine,4469,207
University of Mary Hardin-Baylor,900 College St,Belton,Texas,76513,800
University of Mary Washington,1301 College Ave,Fredericksburg,Virginia,22401,540
University of Mary,7500 University Dr,Bismarck,North Dakota,58504,701
University of Medicine and Dentistry of New Jersey,65 Bergen Street,Newark,New Jersey,7101,973
University of Memphis,341 Administration Building,Memphis,Tennessee,38152,901
University of Miami,University Station,Coral Gables,Florida,33124,305
University of Mississippi Medical Center,2500 North State Street,Jackson,Mississippi,39216,601
University of Mobile,5735 College Parkway Drive,Mobile,Alabama,36663,251
University of Montevallo,Station 6001,Montevallo,Alabama,35115,205
University of Mount Union,1972 Clark Ave.,Alliance,Ohio,44601,800
University of Nebraska Medical Center,986605 Nebraska Medical Center,Omaha,Nebraska,68198,402
University of New England,11 Hills Beach Rd,Biddeford,Maine,4005,207
University of New Hampshire,"Thompson Hall, 105 Main Street",Durham,New Hampshire,3824,603
University of New Haven,300 Boston Post Road,West Haven,Connecticut,6516,203
University of New Orleans,2000 Lakeshore Drive,New Orleans,Louisiana,70148,504
University of North Alabama,One Harrison Plaza,Florence,Alabama,35632,256
University of North Dakota,264 Centennial Drive Stop 8193,Grand Forks,North Dakota,58202,800
University of North Florida,1 UNF Drive,Jacksonville,Florida,32224,904
University of North Texas,1155 Union Circle #311277,Denton,Texas,76203,940
University of Northern Colorado,501 20th St.,Greeley,Colorado,80639,970
University of Northern Iowa,1222 W 27th St,Cedar Falls,Iowa,50614,319
University of Northwestern Ohio,1441 N Cable Rd,Lima,Ohio,45805,419
University of Notre Dame,Main Building,Notre Dame,Indiana,46556,574
University of Oklahoma,"660 Parrington Oval, Room 110",Norman,Oklahoma,73019,405
University of Oregon,110 Johnson Hall,Eugene,Oregon,97403,541
University of Pennsylvania,3451 Walnut Street,Philadelphia,Pennsylvania,19104,215
University of Phoenix,1625 Fountainhead Parkway,Tempe,Arizona,85282,480
University of Pikeville,147 Sycamore Street,Pikeville,Kentucky,41501,606
University of Portland,5000 N Willamette Blvd,Portland,Oregon,97203,503
University of Puget Sound,1500 N Warner,Tacoma,Washington,98416,253
University of Redlands,1200 E. Colton Ave,Redlands,California,92373,909
University of Rhode Island,"Green Hall, 35 Campus Avenue",Kingston,Rhode Island,2881,401
University of Richmond,28 Westhampton Way,Richmond,Virginia,23173,804
University of Rio Grande,218 N College Ave,Rio Grande,Ohio,45674,740
University of Rochester,Wallis Hall,Rochester,New York,14627,585
University of San Diego,5998 Alcala Park,San Diego,California,92110,619
University of San Francisco,2130 Fulton St,San Francisco,California,94117,415
University of Science and Arts of Oklahoma,1727 West Alabama,Chickasha,Oklahoma,73018,405
University of Scranton,800 Linden Street,Scranton,Pennsylvania,18510,570
University of Sioux Falls,1101 W 22nd St,Sioux Falls,South Dakota,57105,605
University of South Alabama,307 N University Blvd,Mobile,Alabama,36688,334
University of South Dakota,414 E Clark St,Vermillion,South Dakota,57069,605
University of South Florida,4202 East Fowler Ave,Tampa,Florida,33620,813
University of Southern California,University Park,Los Angeles,California,90089,213
University of Southern Indiana,8600 University Blvd,Evansville,Indiana,47712,812
University of Southern Maine,96 Falmouth St,Portland,Maine,4103,207
University of Southern Mississippi,118 College Drive # 0001,Hattiesburg,Mississippi,39406,601
University of St. Francis,500 N Wilcox St,Joliet,Illinois,60435,815
University of St. Thomas,2115 Summit Ave,Saint Paul,Minnesota,55105,651
University of St. Thomas,3800 Montrose Blvd,Houston,Texas,77006,713
University of Tennessee,527 Andy Holt Tower,Knoxville,Tennessee,37996,865
University of Toledo,2801 W Bancroft,Toledo,Ohio,43606,419
University of Tulsa,800 South Tucker Drive,Tulsa,Oklahoma,74104,918
University of Utah,201 Presidents Circle,Salt Lake City,Utah,84112,801
University of Vermont,85 S Prospect St,Burlington,Vermont,5405,802
University of Virginia,1707 University Avenue,Charlottesville,Virginia,22904,434
University of West Alabama,205 North Washington Street,Livingston,Alabama,35470,205
University of West Georgia,1601 Maple St,Carrollton,Georgia,30118,678
University of Wyoming,1000 E. University Ave.,Laramie,Wyoming,82071,307
University of the Cumberlands,6191 College Station Drive,Williamsburg,Kentucky,40769,606
University of the District of Columbia,4200 Connecticut Ave NW,Washington,District of Columbia,20008,202
University of the Incarnate Word,4301 Broadway,San Antonio,Texas,78209,210
University of the Ozarks,415 N College Ave,Clarksville,Arkansas,72830,479
University of the Pacific,3601 Pacific Ave,Stockton,California,95211,209
University of the Sacred Heart,"Calle Rosales Esq San Antonio Pda 26 1/2, P.O. Box 12383",San Juan,Puerto Rico,907,787
University of the Sciences,600 S 43rd St,Philadelphia,Pennsylvania,19104,215
University of the Southwest,6610 Lovington Hwy,Hobbs,New Mexico,88240,505
University of the Virgin Islands,2 John Brewers Bay,Charlotte Amalie,Virgin Islands,802,340
University of the West,1409 N. Walnut Grove Avenue,Rosemead,California,90066,
Upper Iowa University,605 Washington St,Fayette,Iowa,52142,563
Urbana University,579 College Way,Urbana,Ohio,43078,937
Ursinus College,601 E. Main St,Collegeville,Pennsylvania,19426,610
Ursuline College,2550 Lander Rd,Pepper Pike,Ohio,44124,440
Utah State University,Old Main Hill,Logan,Utah,84322,435
Utah Valley University,800 W University Parkway,Orem,Utah,84058,801
Utica College,1600 Burrstone Rd,Utica,New York,13502,315
Valdosta State University,1500 N Patterson,Valdosta,Georgia,31698,912
Valley City State University,101 SW College St.,Valley City,North Dakota,58072,701
Valley Forge Christian College,1401 Charlestown Road,Phoenixville,Pennsylvania,19460,610
Valparaiso University,1700 Chapel Drive OP Kretzmann Hall,Valparaiso,Indiana,46383,219
VanderCook College of Music,3140 S. Federal St.,Chicago,Illinois,60616,312
Vanderbilt University,2101 West End Avenue,Nashville,Tennessee,37240,615
Vanguard University of Southern California,55 Fair Dr,Costa Mesa,California,92626,714
Vassar College,124 Raymond Ave,Poughkeepsie,New York,12604,845
Vaughn College of Aeronautics and Technology,86-01 23rd Avenue,Flushing,New York,11369,718
Vermont Technical College,1 Main Street,Randolph Center,Vermont,5061,802
Victory University,255 North Highland,Memphis,Tennessee,38111,901
Villanova University,800 Lancaster Avenue,Villanova,Pennsylvania,19085,610
Vincennes University,1002 N First St,Vincennes,Indiana,47591,812
Virginia Commonwealth University,910 W Franklin St,Richmond,Virginia,23284,804
Virginia Intermont College,1013 Moore Street,Bristol,Virginia,24201,276
Virginia Military Institute,,Lexington,Virginia,24450,540
Virginia State University,One Hayden Street,Petersburg,Virginia,23806,804
Virginia Union University,1500 N Lombardy St,Richmond,Virginia,23220,804
Virginia Wesleyan College,1584 Wesleyan Dr,Norfolk,Virginia,23502,757
Viterbo University,900 Viterbo Drive,La Crosse,Wisconsin,54601,608
Voorhees College,481 Porter Drive,Denmark,South Carolina,29042,803
Wabash College,P.O. Box 352,Crawfordsville,Indiana,47933,765
Wagner College,One Campus Rd,Staten Island,New York,10301,718
Wake Forest University,1834 Wake Forest Road,Winston Salem,North Carolina,27106,336
Walden University,155 Fifth Ave S,Minneapolis,Minnesota,55401,800
Waldorf College,106 S Sixth St,Forest City,Iowa,50436,641
Walla Walla University,204 S College Ave,College Place,Washington,99324,509
Walsh College of Accountancy and Business Administration,3838 Livernois,Troy,Michigan,48083,248
Walsh University,2020 East Maple St,North Canton,Ohio,44720,330
Warner Pacific College,2219 SE 68th Ave,Portland,Oregon,97215,503
Warner University,13895 Hwy 27,Lake Wales,Florida,33859,863
Warren Wilson College,701 Warren Wilson Rd,Swannanoa,North Carolina,28778,828
Wartburg College,100 Wartburg Blvd.,Waverly,Iowa,50677,319
Washburn University,1700 SW College Avenue,Topeka,Kansas,66621,785
Washington Adventist University,7600 Flower Ave,Takoma Park,Maryland,20912,301
Washington College,300 Washington Ave,Chestertown,Maryland,21620,410
Washington State University,French Administration Building,Pullman,Washington,99164,509
Washington and Lee University,204 West Washington Street,Lexington,Virginia,24450,540
"Watkins College of Art, Design & Film",2298 Metrocenter Blvd,Nashville,Tennessee,37228,615
Wayland Baptist University,1900 W 7th St.,Plainview,Texas,79072,806
Wayne State College,1111 Main St,Wayne,Nebraska,68787,402
Wayne State University,656 West Kirby Street,Detroit,Michigan,48202,313
Waynesburg University,51 W College St,Waynesburg,Pennsylvania,15370,724
Webb Institute,298 Crescent Beach Rd,Glen Cove,New York,11542,516
Webber International University,1201 N Scenic Hwy,Babson Park,Florida,33827,863
Weber State University,3750 Harrison Blvd,Ogden,Utah,84408,801
Webster University,470 E Lockwood Ave.,Saint Louis,Missouri,63119,314
Welch College,3606 West End Ave,Nashville,Tennessee,37205,615
Wellesley College,106 Central St,Wellesley,Massachusetts,2481,781
Wells College,170 State Rte 90,Aurora,New York,13026,315
Wentworth Institute of Technology,550 Huntington Ave,Boston,Massachusetts,2115,617
Wesley College,111 Wesley Cir,Florence,Mississippi,39073,601
Wesley College,120 N State St,Dover,Delaware,19901,302
Wesleyan College,4760 Forsyth Rd,Macon,Georgia,31210,478
Wesleyan University,237 High St,Middletown,Connecticut,6459,860
West Chester University of Pennsylvania,University Avenue and  High Street,West Chester,Pennsylvania,19383,610
West Liberty University,"PO Box 295, Route 88",West Liberty,West Virginia,26074,304
West Virginia State University,Rte 25,Institute,West Virginia,25112,304
West Virginia University,Presidents Office Box 6201,Morgantown,West Virginia,26506,304
West Virginia Wesleyan College,59 College Ave,Buckhannon,West Virginia,26201,304
Western Carolina University,,Cullowhee,North Carolina,28723,828
Western Connecticut State University,181 White Street,Danbury,Connecticut,6810,203
Western Governors University,"4001 South 700 East, Suite 700",Salt Lake City,Utah,84107,801
Western Illinois University,1 University Circle,Macomb,Illinois,61455,309
Western International University,1601 W. Fountainhead Parkway,Tempe,Arizona,85282,602
Western Kentucky University,1906 College Heights Blvd,Bowling Green,Kentucky,42101,270
Western Michigan University,1903 West Michigan Avenue,Kalamazoo,Michigan,49008,269
Western Nevada College,2201 West College Parkway,Carson City,Nevada,89703,775
Western New Mexico University,1000 W. College Ave,Silver City,New Mexico,88061,505
Western Oregon University,345 N Monmouth Ave,Monmouth,Oregon,97361,503
Western Washington University,516 High St,Bellingham,Washington,98225,360
Westfield State University,577 Western Ave,Westfield,Massachusetts,1086,413
Westminster College,1840 South 1300 East,Salt Lake City,Utah,84105,801
Westminster College,501 Westminster Ave,Fulton,Missouri,65251,573
Westminster College,North Market  Street,New Wilmington,Pennsylvania,16172,724
Westmont College,955 La Paz Rd,Santa Barbara,California,93108,805
Wheaton College,26 E Main St,Norton,Massachusetts,2766,508
Wheaton College,501 College Ave,Wheaton,Illinois,60187,630
Wheeling Jesuit University,316 Washington Ave,Wheeling,West Virginia,26003,304
Wheelock College,200 the Riverway,Boston,Massachusetts,2215,617
Whitman College,345 Boyer Ave,Walla Walla,Washington,99362,509
Whittier College,13406 E Philadelphia Street,Whittier,California,90601,562
Whitworth University,300 W Hawthorne Rd,Spokane,Washington,99251,509
Wichita State University,1845 Fairmount,Wichita,Kansas,67260,316
Wilberforce University,1055 N Bickett Rd,Wilberforce,Ohio,45384,937
Wiley College,711 Wiley Ave,Marshall,Texas,75670,903
Wilkes University,84 West South Street,Wilkes-Barre,Pennsylvania,18766,570
Willamette University,900 State St,Salem,Oregon,97301,503
William Carey University,498 Tuscan Ave,Hattiesburg,Mississippi,39401,601
William Jessup University,333 Sunset Blvd.,Rocklin,California,95765,916
William Jewell College,500 College Hill,Liberty,Missouri,64068,816
William Paterson University of New Jersey,300 Pompton Rd,Wayne,New Jersey,7470,973
William Peace University,15 E Peace St,Raleigh,North Carolina,27604,919
William Penn University,201 Trueblood Ave,Oskaloosa,Iowa,52577,641
William Woods University,One University Avenue,Fulton,Missouri,65251,573
Williams Baptist College,60 W Fulbright Avenue,Walnut Ridge,Arkansas,72476,870
Williams College,880 Main St,Williamstown,Massachusetts,1267,413
Wilmington College,251 Ludovic St,Wilmington,Ohio,45177,800
Wilmington University,320 Dupont Highway,New Castle,Delaware,19720,302
Wilson College,1015 Philadelphia Ave,Chambersburg,Pennsylvania,17201,717
Wingate University,220 North Camden Road,Wingate,North Carolina,28174,704
Winona State University,8th and Johnson St,Winona,Minnesota,55987,507
Winston-Salem State University,601 Martin Luther King Jr Dr,Winston-Salem,North Carolina,27110,336
Winthrop University,701 Oakland Avenue,Rock Hill,South Carolina,29733,803
Wisconsin Lutheran College,8800 W Bluemound Rd,Milwaukee,Wisconsin,53226,414
Wittenberg University,Ward St at N Wittenberg Ave,Springfield,Ohio,45504,937
Wofford College,429 N Church St,Spartanburg,South Carolina,29303,864
Woodbury University,7500 Glenoaks Blvd,Burbank,California,91510,818
Worcester Polytechnic Institute,100 Institute Road,Worcester,Massachusetts,1609,508
Worcester State University,486 Chandler St,Worcester,Massachusetts,1602,508
Wright State University,3640 Colonel Glenn Highway,Dayton,Ohio,45435,937
Xavier University of Louisiana,One Drexel Drive,New Orleans,Louisiana,70125,504
Xavier University,3800 Victory Parkway,Cincinnati,Ohio,45207,513
Yale University,105 Wall Street,New Haven,Connecticut,6520,203
Yeshiva University,500 W 185th St,New York,New York,10033,212
York College of Pennsylvania,Country Club Rd,York,Pennsylvania,17405,717
York College,1125 E 8th St,York,Nebraska,68467,402
Youngstown State University,One University Plaza,Youngstown,Ohio,44555,877